Season,DateTime,HomeTeam,AwayTeam,FTHG,FTAG,FTR,HTHG,HTAG,HTR,Referee,HS,AS,HST,AST,HC,AC,HF,AF,HY,AY,HR,AR
2007-08,2007-08-11T00:00:00Z,Sunderland,Tottenham Hotspur,1,0,H,0.0,0.0,D,A Wiley,9.0,6.0,4.0,3.0,7.0,2.0,14.0,14.0,1.0,1.0,0.0,0.0
2007-08,2007-08-14T00:00:00Z,Tottenham Hotspur,Everton,1,3,A,1.0,3.0,A,M Halsey,14.0,16.0,8.0,10.0,9.0,4.0,16.0,9.0,2.0,0.0,0.0,0.0
2007-08,2007-08-18T00:00:00Z,Tottenham Hotspur,Derby,4,0,H,3.0,0.0,H,C Foy,25.0,4.0,14.0,2.0,9.0,3.0,8.0,14.0,0.0,4.0,0.0,0.0
2007-08,2007-08-26T00:00:00Z,Manchester United,Tottenham Hotspur,1,0,H,0.0,0.0,D,H Webb,14.0,10.0,5.0,3.0,4.0,4.0,15.0,7.0,2.0,3.0,0.0,0.0
2007-08,2007-09-01T00:00:00Z,Fulham,Tottenham Hotspur,3,3,D,1.0,2.0,A,M Riley,13.0,13.0,7.0,8.0,6.0,14.0,13.0,11.0,1.0,0.0,0.0,0.0
2007-08,2007-09-15T00:00:00Z,Tottenham Hotspur,Arsenal,1,3,A,1.0,0.0,H,M Clattenburg,14.0,16.0,5.0,10.0,8.0,4.0,28.0,22.0,2.0,2.0,0.0,0.0
2007-08,2007-09-23T00:00:00Z,Bolton Wanderers,Tottenham Hotspur,1,1,D,1.0,1.0,D,A Marriner,5.0,10.0,4.0,7.0,4.0,11.0,14.0,15.0,0.0,2.0,0.0,0.0
2007-08,2007-10-01T00:00:00Z,Tottenham Hotspur,Aston Villa,4,4,D,1.0,3.0,A,M Dean,19.0,7.0,12.0,7.0,13.0,3.0,10.0,13.0,2.0,3.0,0.0,0.0
2007-08,2007-10-07T00:00:00Z,Liverpool,Tottenham Hotspur,2,2,D,1.0,1.0,D,M Halsey,21.0,11.0,9.0,6.0,5.0,3.0,18.0,10.0,0.0,1.0,0.0,0.0
2007-08,2007-10-22T00:00:00Z,Newcastle United,Tottenham Hotspur,3,1,H,1.0,0.0,H,S Bennett,15.0,11.0,7.0,4.0,5.0,5.0,12.0,7.0,2.0,2.0,0.0,0.0
2007-08,2007-10-28T00:00:00Z,Tottenham Hotspur,Blackburn Rovers,1,2,A,0.0,0.0,D,R Styles,9.0,9.0,6.0,4.0,10.0,2.0,11.0,14.0,4.0,3.0,0.0,0.0
2007-08,2007-11-03T00:00:00Z,Middlesbrough,Tottenham Hotspur,1,1,D,0.0,1.0,A,M Dean,5.0,9.0,3.0,4.0,6.0,7.0,13.0,8.0,1.0,0.0,0.0,0.0
2007-08,2007-11-11T00:00:00Z,Tottenham Hotspur,Wigan Athletic,4,0,H,3.0,0.0,H,H Webb,19.0,6.0,8.0,2.0,5.0,2.0,8.0,16.0,0.0,2.0,0.0,0.0
2007-08,2007-11-25T00:00:00Z,West Ham United,Tottenham Hotspur,1,1,D,1.0,0.0,H,M Riley,14.0,9.0,9.0,5.0,7.0,8.0,33.0,5.0,3.0,4.0,0.0,0.0
2007-08,2007-12-02T00:00:00Z,Tottenham Hotspur,Birmingham City,2,3,A,0.0,1.0,A,P Dowd,17.0,7.0,9.0,3.0,12.0,3.0,10.0,13.0,0.0,1.0,1.0,0.0
2007-08,2007-12-09T00:00:00Z,Tottenham Hotspur,Manchester City,2,1,H,1.0,0.0,H,M Halsey,12.0,7.0,8.0,3.0,2.0,6.0,7.0,13.0,2.0,3.0,0.0,1.0
2007-08,2007-12-15T00:00:00Z,Portsmouth,Tottenham Hotspur,0,1,A,0.0,0.0,D,M Atkinson,9.0,12.0,5.0,5.0,4.0,4.0,22.0,13.0,3.0,2.0,0.0,0.0
2007-08,2007-12-22T00:00:00Z,Arsenal,Tottenham Hotspur,2,1,H,0.0,0.0,D,R Styles,9.0,10.0,5.0,5.0,5.0,1.0,10.0,10.0,1.0,3.0,0.0,0.0
2007-08,2007-12-26T00:00:00Z,Tottenham Hotspur,Fulham,5,1,H,2.0,0.0,H,A Marriner,12.0,9.0,8.0,4.0,3.0,5.0,10.0,17.0,1.0,4.0,0.0,1.0
2007-08,2007-12-29T00:00:00Z,Tottenham Hotspur,Reading,6,4,H,1.0,1.0,D,K Stroud,14.0,11.0,12.0,8.0,3.0,6.0,9.0,12.0,0.0,3.0,0.0,0.0
2007-08,2008-01-01T00:00:00Z,Aston Villa,Tottenham Hotspur,2,1,H,1.0,0.0,H,S Tanner,14.0,9.0,4.0,6.0,8.0,2.0,5.0,16.0,0.0,3.0,0.0,0.0
2007-08,2008-01-12T00:00:00Z,Chelsea,Tottenham Hotspur,2,0,H,1.0,0.0,H,A Wiley,8.0,6.0,6.0,2.0,4.0,7.0,17.0,11.0,2.0,4.0,0.0,0.0
2007-08,2008-01-19T00:00:00Z,Tottenham Hotspur,Sunderland,2,0,H,1.0,0.0,H,L Mason,17.0,14.0,13.0,8.0,6.0,7.0,13.0,13.0,2.0,2.0,0.0,0.0
2007-08,2008-01-30T00:00:00Z,Everton,Tottenham Hotspur,0,0,D,0.0,0.0,D,A Marriner,11.0,5.0,6.0,4.0,7.0,2.0,14.0,12.0,1.0,1.0,0.0,0.0
2007-08,2008-02-02T00:00:00Z,Tottenham Hotspur,Manchester United,1,1,D,1.0,0.0,H,M Clattenburg,10.0,16.0,8.0,10.0,8.0,9.0,18.0,10.0,3.0,7.0,0.0,0.0
2007-08,2008-02-09T00:00:00Z,Derby,Tottenham Hotspur,0,3,A,0.0,0.0,D,M Atkinson,10.0,13.0,6.0,8.0,7.0,9.0,14.0,10.0,3.0,1.0,0.0,0.0
2007-08,2008-03-01T00:00:00Z,Birmingham City,Tottenham Hotspur,4,1,H,1.0,0.0,H,L Probert,13.0,19.0,10.0,10.0,5.0,6.0,14.0,10.0,1.0,0.0,0.0,0.0
2007-08,2008-03-09T00:00:00Z,Tottenham Hotspur,West Ham United,4,0,H,2.0,0.0,H,C Foy,18.0,8.0,11.0,4.0,8.0,4.0,6.0,17.0,0.0,2.0,0.0,1.0
2007-08,2008-03-16T00:00:00Z,Manchester City,Tottenham Hotspur,2,1,H,0.0,1.0,A,M Clattenburg,13.0,12.0,8.0,7.0,5.0,5.0,11.0,3.0,0.0,0.0,0.0,0.0
2007-08,2008-03-19T00:00:00Z,Tottenham Hotspur,Chelsea,4,4,D,1.0,2.0,A,M Riley,10.0,10.0,9.0,8.0,10.0,2.0,10.0,16.0,2.0,2.0,0.0,0.0
2007-08,2008-03-22T00:00:00Z,Tottenham Hotspur,Portsmouth,2,0,H,0.0,0.0,D,P Dowd,17.0,4.0,8.0,4.0,7.0,2.0,8.0,13.0,0.0,1.0,0.0,0.0
2007-08,2008-03-30T00:00:00Z,Tottenham Hotspur,Newcastle United,1,4,A,1.0,1.0,D,S Bennett,18.0,17.0,10.0,9.0,6.0,7.0,10.0,8.0,1.0,1.0,0.0,0.0
2007-08,2008-04-05T00:00:00Z,Blackburn Rovers,Tottenham Hotspur,1,1,D,1.0,1.0,D,P Walton,12.0,11.0,7.0,8.0,1.0,1.0,20.0,4.0,3.0,1.0,0.0,0.0
2007-08,2008-04-12T00:00:00Z,Tottenham Hotspur,Middlesbrough,1,1,D,1.0,0.0,H,M Halsey,12.0,13.0,9.0,7.0,2.0,7.0,6.0,19.0,0.0,3.0,0.0,0.0
2007-08,2008-04-19T00:00:00Z,Wigan Athletic,Tottenham Hotspur,1,1,D,1.0,1.0,D,L Probert,13.0,15.0,7.0,12.0,2.0,6.0,8.0,9.0,2.0,1.0,0.0,0.0
2007-08,2008-04-26T00:00:00Z,Tottenham Hotspur,Bolton Wanderers,1,1,D,0.0,0.0,D,M Clattenburg,26.0,7.0,13.0,4.0,12.0,3.0,6.0,11.0,1.0,3.0,0.0,0.0
2007-08,2008-05-03T00:00:00Z,Reading,Tottenham Hotspur,0,1,A,0.0,1.0,A,H Webb,13.0,13.0,6.0,7.0,10.0,1.0,10.0,7.0,1.0,0.0,0.0,0.0
2007-08,2008-05-11T00:00:00Z,Tottenham Hotspur,Liverpool,0,2,A,0.0,0.0,D,U Rennie,6.0,18.0,3.0,12.0,8.0,4.0,11.0,9.0,1.0,1.0,0.0,0.0
2008-09,2008-08-16T00:00:00Z,Middlesbrough,Tottenham Hotspur,2,1,H,0.0,0.0,D,M Atkinson,14.0,8.0,10.0,5.0,7.0,9.0,11.0,12.0,1.0,2.0,0.0,0.0
2008-09,2008-08-23T00:00:00Z,Tottenham Hotspur,Sunderland,1,2,A,0.0,0.0,D,M Dean,18.0,12.0,11.0,7.0,12.0,6.0,12.0,12.0,1.0,2.0,0.0,0.0
2008-09,2008-08-31T00:00:00Z,Chelsea,Tottenham Hotspur,1,1,D,1.0,1.0,D,H Webb,12.0,6.0,3.0,6.0,5.0,8.0,10.0,13.0,3.0,0.0,0.0,0.0
2008-09,2008-09-15T00:00:00Z,Tottenham Hotspur,Aston Villa,1,2,A,0.0,1.0,A,S Bennett,17.0,17.0,10.0,13.0,12.0,8.0,15.0,12.0,1.0,4.0,0.0,0.0
2008-09,2008-09-21T00:00:00Z,Tottenham Hotspur,Wigan Athletic,0,0,D,0.0,0.0,D,S Tanner,11.0,14.0,4.0,6.0,3.0,4.0,13.0,12.0,2.0,2.0,0.0,0.0
2008-09,2008-09-28T00:00:00Z,Portsmouth,Tottenham Hotspur,2,0,H,1.0,0.0,H,M Dean,8.0,15.0,6.0,8.0,3.0,6.0,18.0,13.0,4.0,3.0,1.0,0.0
2008-09,2008-10-05T00:00:00Z,Tottenham Hotspur,Hull City,0,1,A,0.0,1.0,A,R Styles,27.0,10.0,16.0,6.0,12.0,0.0,15.0,15.0,4.0,2.0,0.0,0.0
2008-09,2008-10-19T00:00:00Z,Stoke City,Tottenham Hotspur,2,1,H,1.0,1.0,D,L Mason,7.0,11.0,3.0,6.0,6.0,1.0,12.0,12.0,1.0,2.0,0.0,2.0
2008-09,2008-10-26T00:00:00Z,Tottenham Hotspur,Bolton Wanderers,2,0,H,1.0,0.0,H,A Marriner,19.0,10.0,9.0,3.0,3.0,4.0,9.0,16.0,0.0,3.0,0.0,1.0
2008-09,2008-10-29T00:00:00Z,Arsenal,Tottenham Hotspur,4,4,D,1.0,1.0,D,M Atkinson,20.0,9.0,12.0,6.0,9.0,1.0,8.0,17.0,1.0,4.0,0.0,0.0
2008-09,2008-11-01T00:00:00Z,Tottenham Hotspur,Liverpool,2,1,H,0.0,1.0,A,P Dowd,8.0,14.0,4.0,6.0,4.0,4.0,18.0,13.0,1.0,2.0,0.0,0.0
2008-09,2008-11-09T00:00:00Z,Manchester City,Tottenham Hotspur,1,2,A,1.0,1.0,D,M Dean,9.0,14.0,7.0,9.0,4.0,5.0,12.0,13.0,1.0,2.0,2.0,1.0
2008-09,2008-11-15T00:00:00Z,Fulham,Tottenham Hotspur,2,1,H,1.0,0.0,H,A Wiley,16.0,7.0,14.0,3.0,10.0,3.0,2.0,10.0,1.0,0.0,0.0,0.0
2008-09,2008-11-23T00:00:00Z,Tottenham Hotspur,Blackburn Rovers,1,0,H,1.0,0.0,H,H Webb,16.0,9.0,7.0,6.0,6.0,6.0,15.0,15.0,2.0,3.0,0.0,1.0
2008-09,2008-11-30T00:00:00Z,Tottenham Hotspur,Everton,0,1,A,0.0,0.0,D,S Bennett,14.0,8.0,6.0,6.0,5.0,1.0,9.0,16.0,1.0,3.0,0.0,0.0
2008-09,2008-12-08T00:00:00Z,West Ham United,Tottenham Hotspur,0,2,A,0.0,0.0,D,C Foy,11.0,17.0,4.0,12.0,7.0,5.0,13.0,16.0,2.0,0.0,0.0,0.0
2008-09,2008-12-13T00:00:00Z,Tottenham Hotspur,Manchester United,0,0,D,0.0,0.0,D,M Dean,11.0,15.0,6.0,12.0,4.0,14.0,10.0,9.0,1.0,1.0,0.0,0.0
2008-09,2008-12-21T00:00:00Z,Newcastle United,Tottenham Hotspur,2,1,H,1.0,1.0,D,A Marriner,7.0,11.0,4.0,6.0,4.0,7.0,9.0,7.0,3.0,2.0,0.0,0.0
2008-09,2008-12-26T00:00:00Z,Tottenham Hotspur,Fulham,0,0,D,0.0,0.0,D,P Walton,14.0,10.0,7.0,7.0,4.0,2.0,7.0,11.0,0.0,1.0,0.0,0.0
2008-09,2008-12-28T00:00:00Z,West Bromwich Albion,Tottenham Hotspur,2,0,H,0.0,0.0,D,S Tanner,17.0,4.0,11.0,3.0,8.0,4.0,13.0,12.0,3.0,2.0,0.0,1.0
2008-09,2009-01-11T00:00:00Z,Wigan Athletic,Tottenham Hotspur,1,0,H,0.0,0.0,D,A Marriner,13.0,6.0,5.0,3.0,8.0,3.0,13.0,13.0,3.0,3.0,0.0,0.0
2008-09,2009-01-18T00:00:00Z,Tottenham Hotspur,Portsmouth,1,1,D,0.0,0.0,D,S Bennett,26.0,11.0,15.0,4.0,8.0,4.0,6.0,10.0,0.0,2.0,0.0,0.0
2008-09,2009-01-27T00:00:00Z,Tottenham Hotspur,Stoke City,3,1,H,3.0,0.0,H,M Riley,22.0,6.0,14.0,3.0,7.0,4.0,19.0,21.0,2.0,3.0,0.0,0.0
2008-09,2009-01-31T00:00:00Z,Bolton Wanderers,Tottenham Hotspur,3,2,H,1.0,0.0,H,P Dowd,13.0,13.0,7.0,10.0,2.0,8.0,11.0,14.0,0.0,1.0,0.0,0.0
2008-09,2009-02-08T00:00:00Z,Tottenham Hotspur,Arsenal,0,0,D,0.0,0.0,D,M Dean,16.0,4.0,6.0,1.0,6.0,4.0,14.0,14.0,1.0,2.0,0.0,1.0
2008-09,2009-02-23T00:00:00Z,Hull City,Tottenham Hotspur,1,2,A,1.0,1.0,D,L Probert,12.0,9.0,4.0,6.0,11.0,13.0,11.0,7.0,2.0,1.0,0.0,0.0
2008-09,2009-03-04T00:00:00Z,Tottenham Hotspur,Middlesbrough,4,0,H,3.0,0.0,H,H Webb,12.0,15.0,7.0,6.0,4.0,8.0,7.0,6.0,0.0,1.0,0.0,0.0
2008-09,2009-03-07T00:00:00Z,Sunderland,Tottenham Hotspur,1,1,D,1.0,0.0,H,P Dowd,8.0,13.0,3.0,8.0,4.0,1.0,17.0,9.0,3.0,2.0,0.0,0.0
2008-09,2009-03-15T00:00:00Z,Aston Villa,Tottenham Hotspur,1,2,A,0.0,1.0,A,S Bennett,11.0,10.0,5.0,9.0,9.0,5.0,12.0,9.0,1.0,3.0,0.0,0.0
2008-09,2009-03-21T00:00:00Z,Tottenham Hotspur,Chelsea,1,0,H,0.0,0.0,D,M Dean,8.0,15.0,4.0,9.0,8.0,7.0,14.0,8.0,2.0,2.0,0.0,0.0
2008-09,2009-04-04T00:00:00Z,Blackburn Rovers,Tottenham Hotspur,2,1,H,0.0,1.0,A,P Walton,11.0,9.0,6.0,3.0,4.0,7.0,13.0,9.0,1.0,1.0,0.0,1.0
2008-09,2009-04-11T00:00:00Z,Tottenham Hotspur,West Ham United,1,0,H,0.0,0.0,D,M Atkinson,14.0,8.0,9.0,6.0,10.0,1.0,9.0,12.0,1.0,4.0,0.0,0.0
2008-09,2009-04-19T00:00:00Z,Tottenham Hotspur,Newcastle United,1,0,H,1.0,0.0,H,M Halsey,22.0,8.0,18.0,3.0,4.0,7.0,13.0,15.0,1.0,2.0,0.0,0.0
2008-09,2009-04-25T00:00:00Z,Manchester United,Tottenham Hotspur,5,2,H,0.0,2.0,A,H Webb,21.0,6.0,14.0,4.0,6.0,2.0,14.0,10.0,3.0,3.0,0.0,0.0
2008-09,2009-05-02T00:00:00Z,Tottenham Hotspur,West Bromwich Albion,1,0,H,1.0,0.0,H,R Styles,16.0,10.0,9.0,7.0,9.0,7.0,6.0,7.0,1.0,1.0,0.0,0.0
2008-09,2009-05-09T00:00:00Z,Everton,Tottenham Hotspur,0,0,D,0.0,0.0,D,L Mason,13.0,4.0,5.0,2.0,4.0,5.0,16.0,10.0,2.0,3.0,0.0,0.0
2008-09,2009-05-16T00:00:00Z,Tottenham Hotspur,Manchester City,2,1,H,1.0,0.0,H,M Halsey,11.0,9.0,4.0,3.0,4.0,7.0,5.0,7.0,0.0,1.0,0.0,0.0
2008-09,2009-05-24T00:00:00Z,Liverpool,Tottenham Hotspur,3,1,H,1.0,0.0,H,P Walton,20.0,8.0,9.0,4.0,9.0,2.0,14.0,4.0,0.0,1.0,0.0,0.0
2009-10,2009-08-16T00:00:00Z,Tottenham Hotspur,Liverpool,2,1,H,1.0,0.0,H,P Dowd,17.0,6.0,11.0,3.0,6.0,5.0,14.0,16.0,3.0,3.0,0.0,0.0
2009-10,2009-08-19T00:00:00Z,Hull City,Tottenham Hotspur,1,5,A,1.0,3.0,A,C Foy,9.0,18.0,7.0,12.0,6.0,5.0,23.0,13.0,3.0,2.0,0.0,0.0
2009-10,2009-08-23T00:00:00Z,West Ham United,Tottenham Hotspur,1,2,A,0.0,0.0,D,M Clattenburg,17.0,17.0,8.0,10.0,4.0,8.0,13.0,11.0,2.0,1.0,0.0,0.0
2009-10,2009-08-29T00:00:00Z,Tottenham Hotspur,Birmingham City,2,1,H,0.0,0.0,D,P Walton,20.0,11.0,14.0,6.0,7.0,3.0,12.0,10.0,2.0,2.0,0.0,0.0
2009-10,2009-09-12T00:00:00Z,Tottenham Hotspur,Manchester United,1,3,A,1.0,2.0,A,A Marriner,11.0,17.0,7.0,13.0,3.0,9.0,16.0,13.0,3.0,2.0,0.0,1.0
2009-10,2009-09-20T00:00:00Z,Chelsea,Tottenham Hotspur,3,0,H,1.0,0.0,H,H Webb,25.0,9.0,15.0,4.0,11.0,3.0,7.0,9.0,0.0,2.0,0.0,0.0
2009-10,2009-09-26T00:00:00Z,Tottenham Hotspur,Burnley,5,0,H,2.0,0.0,H,M Dean,18.0,10.0,12.0,7.0,2.0,7.0,10.0,14.0,1.0,1.0,0.0,0.0
2009-10,2009-10-03T00:00:00Z,Bolton Wanderers,Tottenham Hotspur,2,2,D,1.0,1.0,D,M Jones,12.0,17.0,9.0,9.0,5.0,6.0,15.0,16.0,2.0,1.0,0.0,0.0
2009-10,2009-10-17T00:00:00Z,Portsmouth,Tottenham Hotspur,1,2,A,0.0,2.0,A,P Dowd,23.0,9.0,13.0,4.0,10.0,9.0,14.0,13.0,3.0,3.0,1.0,1.0
2009-10,2009-10-24T00:00:00Z,Tottenham Hotspur,Stoke City,0,1,A,0.0,0.0,D,L Probert,22.0,8.0,12.0,2.0,7.0,1.0,8.0,18.0,0.0,3.0,0.0,0.0
2009-10,2009-10-31T00:00:00Z,Arsenal,Tottenham Hotspur,3,0,H,2.0,0.0,H,M Clattenburg,18.0,7.0,12.0,5.0,6.0,2.0,10.0,10.0,1.0,1.0,0.0,0.0
2009-10,2009-11-07T00:00:00Z,Tottenham Hotspur,Sunderland,2,0,H,1.0,0.0,H,K Friend,10.0,14.0,8.0,6.0,4.0,4.0,10.0,19.0,1.0,2.0,0.0,0.0
2009-10,2009-11-22T00:00:00Z,Tottenham Hotspur,Wigan Athletic,9,1,H,1.0,0.0,H,P Walton,28.0,11.0,16.0,5.0,10.0,5.0,9.0,11.0,1.0,0.0,0.0,0.0
2009-10,2009-11-28T00:00:00Z,Aston Villa,Tottenham Hotspur,1,1,D,1.0,0.0,H,P Dowd,12.0,23.0,4.0,17.0,7.0,9.0,10.0,8.0,0.0,1.0,0.0,0.0
2009-10,2009-12-06T00:00:00Z,Everton,Tottenham Hotspur,2,2,D,0.0,0.0,D,A Marriner,15.0,19.0,6.0,11.0,1.0,6.0,11.0,18.0,4.0,4.0,0.0,0.0
2009-10,2009-12-12T00:00:00Z,Tottenham Hotspur,Wolverhampton Wanderers,0,1,A,0.0,1.0,A,S Attwell,18.0,3.0,10.0,3.0,1.0,5.0,8.0,13.0,0.0,5.0,0.0,0.0
2009-10,2009-12-16T00:00:00Z,Tottenham Hotspur,Manchester City,3,0,H,1.0,0.0,H,A Wiley,19.0,9.0,7.0,5.0,5.0,6.0,10.0,8.0,2.0,3.0,0.0,0.0
2009-10,2009-12-19T00:00:00Z,Blackburn Rovers,Tottenham Hotspur,0,2,A,0.0,1.0,A,P Walton,13.0,7.0,9.0,2.0,5.0,0.0,7.0,6.0,0.0,1.0,0.0,0.0
2009-10,2009-12-26T00:00:00Z,Fulham,Tottenham Hotspur,0,0,D,0.0,0.0,D,S Bennett,15.0,6.0,6.0,1.0,4.0,2.0,19.0,12.0,1.0,0.0,0.0,0.0
2009-10,2009-12-28T00:00:00Z,Tottenham Hotspur,West Ham United,2,0,H,1.0,0.0,H,C Foy,21.0,3.0,9.0,2.0,9.0,3.0,9.0,14.0,2.0,3.0,0.0,0.0
2009-10,2010-01-16T00:00:00Z,Tottenham Hotspur,Hull City,0,0,D,0.0,0.0,D,M Atkinson,25.0,8.0,18.0,2.0,14.0,1.0,14.0,11.0,4.0,2.0,0.0,0.0
2009-10,2010-01-20T00:00:00Z,Liverpool,Tottenham Hotspur,2,0,H,1.0,0.0,H,H Webb,13.0,7.0,5.0,5.0,2.0,3.0,11.0,17.0,2.0,3.0,0.0,0.0
2009-10,2010-01-26T00:00:00Z,Tottenham Hotspur,Fulham,2,0,H,1.0,0.0,H,M Dean,13.0,9.0,7.0,6.0,11.0,3.0,11.0,16.0,1.0,1.0,0.0,0.0
2009-10,2010-01-30T00:00:00Z,Birmingham City,Tottenham Hotspur,1,1,D,0.0,0.0,D,S Attwell,12.0,21.0,6.0,12.0,5.0,8.0,12.0,8.0,4.0,2.0,0.0,0.0
2009-10,2010-02-06T00:00:00Z,Tottenham Hotspur,Aston Villa,0,0,D,0.0,0.0,D,C Foy,28.0,10.0,15.0,5.0,12.0,4.0,10.0,13.0,0.0,0.0,0.0,0.0
2009-10,2010-02-10T00:00:00Z,Wolverhampton Wanderers,Tottenham Hotspur,1,0,H,1.0,0.0,H,M Clattenburg,8.0,10.0,4.0,4.0,5.0,7.0,15.0,10.0,2.0,1.0,0.0,0.0
2009-10,2010-02-21T00:00:00Z,Wigan Athletic,Tottenham Hotspur,0,3,A,0.0,1.0,A,A Wiley,8.0,13.0,7.0,12.0,3.0,2.0,17.0,13.0,3.0,4.0,0.0,0.0
2009-10,2010-02-28T00:00:00Z,Tottenham Hotspur,Everton,2,1,H,2.0,0.0,H,S Bennett,13.0,14.0,9.0,10.0,6.0,9.0,9.0,18.0,1.0,4.0,0.0,0.0
2009-10,2010-03-13T00:00:00Z,Tottenham Hotspur,Blackburn Rovers,3,1,H,1.0,0.0,H,H Webb,14.0,10.0,7.0,7.0,5.0,6.0,12.0,7.0,0.0,0.0,0.0,0.0
2009-10,2010-03-20T00:00:00Z,Stoke City,Tottenham Hotspur,1,2,A,0.0,0.0,D,M Dean,8.0,16.0,4.0,9.0,6.0,7.0,7.0,9.0,2.0,2.0,1.0,0.0
2009-10,2010-03-27T00:00:00Z,Tottenham Hotspur,Portsmouth,2,0,H,2.0,0.0,H,K Friend,16.0,8.0,8.0,3.0,11.0,2.0,5.0,9.0,0.0,1.0,0.0,0.0
2009-10,2010-04-03T00:00:00Z,Sunderland,Tottenham Hotspur,3,1,H,2.0,0.0,H,L Mason,11.0,12.0,10.0,9.0,6.0,6.0,16.0,15.0,2.0,0.0,0.0,0.0
2009-10,2010-04-14T00:00:00Z,Tottenham Hotspur,Arsenal,2,1,H,1.0,0.0,H,M Clattenburg,13.0,19.0,10.0,11.0,4.0,6.0,13.0,10.0,3.0,1.0,0.0,0.0
2009-10,2010-04-17T00:00:00Z,Tottenham Hotspur,Chelsea,2,1,H,2.0,0.0,H,P Dowd,20.0,9.0,10.0,6.0,13.0,4.0,7.0,14.0,2.0,4.0,0.0,1.0
2009-10,2010-04-24T00:00:00Z,Manchester United,Tottenham Hotspur,3,1,H,0.0,0.0,D,A Marriner,15.0,9.0,8.0,3.0,4.0,4.0,13.0,10.0,1.0,0.0,0.0,0.0
2009-10,2010-05-01T00:00:00Z,Tottenham Hotspur,Bolton Wanderers,1,0,H,1.0,0.0,H,C Foy,25.0,11.0,12.0,7.0,11.0,7.0,11.0,10.0,0.0,3.0,0.0,0.0
2009-10,2010-05-05T00:00:00Z,Manchester City,Tottenham Hotspur,0,1,A,0.0,0.0,D,S Bennett,10.0,10.0,5.0,6.0,9.0,7.0,12.0,14.0,0.0,3.0,0.0,0.0
2009-10,2010-05-09T00:00:00Z,Burnley,Tottenham Hotspur,4,2,H,1.0,2.0,A,M Dean,16.0,16.0,12.0,11.0,5.0,6.0,9.0,8.0,0.0,0.0,0.0,0.0
2010-11,2010-08-14T00:00:00Z,Tottenham Hotspur,Manchester City,0,0,D,0.0,0.0,D,A Marriner,22.0,11.0,18.0,7.0,10.0,3.0,13.0,16.0,0.0,2.0,0.0,0.0
2010-11,2010-08-21T00:00:00Z,Stoke City,Tottenham Hotspur,1,2,A,1.0,2.0,A,C Foy,15.0,7.0,10.0,6.0,6.0,2.0,15.0,4.0,3.0,1.0,0.0,0.0
2010-11,2010-08-28T00:00:00Z,Tottenham Hotspur,Wigan Athletic,0,1,A,0.0,0.0,D,P Dowd,12.0,13.0,7.0,5.0,16.0,7.0,10.0,11.0,3.0,2.0,0.0,0.0
2010-11,2010-09-11T00:00:00Z,West Bromwich Albion,Tottenham Hotspur,1,1,D,1.0,1.0,D,H Webb,15.0,16.0,8.0,9.0,9.0,4.0,12.0,9.0,2.0,1.0,0.0,0.0
2010-11,2010-09-18T00:00:00Z,Tottenham Hotspur,Wolverhampton Wanderers,3,1,H,0.0,1.0,A,M Jones,20.0,5.0,11.0,2.0,5.0,4.0,7.0,11.0,3.0,3.0,0.0,0.0
2010-11,2010-09-25T00:00:00Z,West Ham United,Tottenham Hotspur,1,0,H,1.0,0.0,H,M Atkinson,22.0,17.0,15.0,11.0,14.0,7.0,10.0,11.0,2.0,0.0,0.0,0.0
2010-11,2010-10-02T00:00:00Z,Tottenham Hotspur,Aston Villa,2,1,H,1.0,1.0,D,M Clattenburg,19.0,13.0,10.0,4.0,10.0,4.0,12.0,19.0,1.0,3.0,0.0,0.0
2010-11,2010-10-16T00:00:00Z,Fulham,Tottenham Hotspur,1,2,A,1.0,1.0,D,M Dean,11.0,14.0,5.0,6.0,4.0,11.0,9.0,10.0,1.0,1.0,0.0,0.0
2010-11,2010-10-23T00:00:00Z,Tottenham Hotspur,Everton,1,1,D,1.0,1.0,D,M Jones,13.0,7.0,8.0,3.0,4.0,4.0,15.0,14.0,3.0,1.0,0.0,0.0
2010-11,2010-10-30T00:00:00Z,Manchester United,Tottenham Hotspur,2,0,H,1.0,0.0,H,M Clattenburg,18.0,11.0,10.0,5.0,1.0,4.0,12.0,10.0,0.0,3.0,0.0,0.0
2010-11,2010-11-06T00:00:00Z,Bolton Wanderers,Tottenham Hotspur,4,2,H,1.0,0.0,H,C Foy,18.0,11.0,8.0,6.0,7.0,6.0,13.0,9.0,1.0,0.0,0.0,0.0
2010-11,2010-11-09T00:00:00Z,Tottenham Hotspur,Sunderland,1,1,D,0.0,0.0,D,H Webb,20.0,8.0,12.0,4.0,17.0,3.0,6.0,15.0,2.0,1.0,0.0,0.0
2010-11,2010-11-13T00:00:00Z,Tottenham Hotspur,Blackburn Rovers,4,2,H,2.0,0.0,H,A Marriner,20.0,12.0,12.0,8.0,12.0,6.0,11.0,11.0,2.0,2.0,0.0,0.0
2010-11,2010-11-20T00:00:00Z,Arsenal,Tottenham Hotspur,2,3,A,2.0,0.0,H,P Dowd,12.0,10.0,7.0,6.0,2.0,6.0,17.0,16.0,3.0,1.0,0.0,0.0
2010-11,2010-11-28T00:00:00Z,Tottenham Hotspur,Liverpool,2,1,H,0.0,1.0,A,M Atkinson,20.0,12.0,13.0,8.0,5.0,8.0,6.0,16.0,0.0,5.0,0.0,0.0
2010-11,2010-12-04T00:00:00Z,Birmingham City,Tottenham Hotspur,1,1,D,0.0,1.0,A,K Friend,13.0,10.0,5.0,5.0,6.0,11.0,14.0,7.0,1.0,1.0,0.0,0.0
2010-11,2010-12-12T00:00:00Z,Tottenham Hotspur,Chelsea,1,1,D,1.0,0.0,H,M Dean,10.0,13.0,3.0,7.0,1.0,7.0,9.0,13.0,2.0,2.0,0.0,0.0
2010-11,2010-12-26T00:00:00Z,Aston Villa,Tottenham Hotspur,1,2,A,0.0,1.0,A,M Atkinson,26.0,13.0,15.0,8.0,8.0,4.0,13.0,11.0,3.0,3.0,0.0,1.0
2010-11,2010-12-28T00:00:00Z,Tottenham Hotspur,Newcastle United,2,0,H,0.0,0.0,D,A Taylor,13.0,12.0,8.0,8.0,9.0,7.0,9.0,16.0,2.0,4.0,1.0,0.0
2010-11,2011-01-01T00:00:00Z,Tottenham Hotspur,Fulham,1,0,H,1.0,0.0,H,M Jones,13.0,12.0,9.0,4.0,5.0,1.0,11.0,9.0,2.0,1.0,0.0,0.0
2010-11,2011-01-05T00:00:00Z,Everton,Tottenham Hotspur,2,1,H,1.0,1.0,D,L Probert,19.0,13.0,12.0,5.0,4.0,3.0,16.0,12.0,1.0,0.0,0.0,0.0
2010-11,2011-01-16T00:00:00Z,Tottenham Hotspur,Manchester United,0,0,D,0.0,0.0,D,M Dean,16.0,7.0,6.0,4.0,8.0,2.0,9.0,18.0,2.0,4.0,0.0,1.0
2010-11,2011-01-22T00:00:00Z,Newcastle United,Tottenham Hotspur,1,1,D,0.0,0.0,D,M Halsey,13.0,14.0,6.0,9.0,1.0,4.0,13.0,7.0,0.0,0.0,0.0,0.0
2010-11,2011-02-02T00:00:00Z,Blackburn Rovers,Tottenham Hotspur,0,1,A,0.0,1.0,A,A Marriner,17.0,6.0,9.0,5.0,4.0,4.0,14.0,11.0,2.0,1.0,0.0,0.0
2010-11,2011-02-05T00:00:00Z,Tottenham Hotspur,Bolton Wanderers,2,1,H,1.0,0.0,H,M Clattenburg,13.0,8.0,7.0,3.0,6.0,7.0,13.0,11.0,1.0,3.0,0.0,0.0
2010-11,2011-02-12T00:00:00Z,Sunderland,Tottenham Hotspur,1,2,A,1.0,1.0,D,M Jones,16.0,11.0,10.0,5.0,2.0,3.0,14.0,12.0,2.0,4.0,0.0,0.0
2010-11,2011-02-22T00:00:00Z,Blackpool,Tottenham Hotspur,3,1,H,2.0,0.0,H,C Foy,8.0,25.0,4.0,10.0,1.0,7.0,11.0,8.0,2.0,0.0,0.0,0.0
2010-11,2011-03-06T00:00:00Z,Wolverhampton Wanderers,Tottenham Hotspur,3,3,D,2.0,2.0,D,M Halsey,13.0,15.0,4.0,10.0,7.0,4.0,10.0,11.0,0.0,3.0,0.0,0.0
2010-11,2011-03-19T00:00:00Z,Tottenham Hotspur,West Ham United,0,0,D,0.0,0.0,D,M Dean,26.0,11.0,14.0,5.0,6.0,2.0,6.0,13.0,0.0,4.0,0.0,0.0
2010-11,2011-04-02T00:00:00Z,Wigan Athletic,Tottenham Hotspur,0,0,D,0.0,0.0,D,A Marriner,14.0,10.0,5.0,6.0,8.0,2.0,11.0,13.0,1.0,1.0,0.0,0.0
2010-11,2011-04-09T00:00:00Z,Tottenham Hotspur,Stoke City,3,2,H,3.0,2.0,H,K Friend,9.0,10.0,8.0,5.0,10.0,5.0,11.0,16.0,1.0,3.0,0.0,0.0
2010-11,2011-04-20T00:00:00Z,Tottenham Hotspur,Arsenal,3,3,D,2.0,3.0,A,M Atkinson,16.0,13.0,9.0,9.0,7.0,6.0,8.0,13.0,0.0,3.0,0.0,0.0
2010-11,2011-04-23T00:00:00Z,Tottenham Hotspur,West Bromwich Albion,2,2,D,1.0,1.0,D,S Attwell,19.0,10.0,9.0,4.0,11.0,1.0,8.0,9.0,1.0,1.0,0.0,0.0
2010-11,2011-04-30T00:00:00Z,Chelsea,Tottenham Hotspur,2,1,H,1.0,1.0,D,A Marriner,16.0,12.0,10.0,7.0,6.0,5.0,11.0,11.0,3.0,1.0,0.0,0.0
2010-11,2011-05-07T00:00:00Z,Tottenham Hotspur,Blackpool,1,1,D,0.0,0.0,D,L Probert,20.0,13.0,11.0,7.0,7.0,6.0,5.0,13.0,3.0,2.0,0.0,0.0
2010-11,2011-05-10T00:00:00Z,Manchester City,Tottenham Hotspur,1,0,H,1.0,0.0,H,M Dean,7.0,14.0,4.0,7.0,2.0,8.0,7.0,8.0,1.0,1.0,0.0,0.0
2010-11,2011-05-15T00:00:00Z,Liverpool,Tottenham Hotspur,0,2,A,0.0,1.0,A,H Webb,10.0,8.0,2.0,4.0,11.0,5.0,13.0,7.0,2.0,1.0,0.0,0.0
2010-11,2011-05-22T00:00:00Z,Tottenham Hotspur,Birmingham City,2,1,H,0.0,0.0,D,M Clattenburg,22.0,7.0,16.0,3.0,7.0,5.0,5.0,15.0,0.0,3.0,0.0,0.0
2011-12,2011-08-22T00:00:00Z,Manchester United,Tottenham Hotspur,3,0,H,0.0,0.0,D,L Probert,27.0,20.0,21.0,12.0,11.0,3.0,12.0,9.0,1.0,2.0,0.0,0.0
2011-12,2011-08-28T00:00:00Z,Tottenham Hotspur,Manchester City,1,5,A,0.0,2.0,A,P Dowd,15.0,22.0,10.0,12.0,10.0,5.0,11.0,9.0,2.0,4.0,0.0,0.0
2011-12,2011-09-10T00:00:00Z,Wolverhampton Wanderers,Tottenham Hotspur,0,2,A,0.0,0.0,D,P Walton,10.0,17.0,6.0,11.0,4.0,10.0,5.0,12.0,3.0,2.0,0.0,0.0
2011-12,2011-09-18T00:00:00Z,Tottenham Hotspur,Liverpool,4,0,H,1.0,0.0,H,M Jones,24.0,5.0,16.0,2.0,4.0,1.0,10.0,9.0,1.0,4.0,0.0,2.0
2011-12,2011-09-24T00:00:00Z,Wigan Athletic,Tottenham Hotspur,1,2,A,0.0,2.0,A,J Moss,5.0,14.0,4.0,7.0,1.0,9.0,13.0,6.0,3.0,1.0,1.0,0.0
2011-12,2011-10-02T00:00:00Z,Tottenham Hotspur,Arsenal,2,1,H,1.0,0.0,H,M Dean,16.0,13.0,8.0,7.0,9.0,7.0,11.0,8.0,2.0,1.0,0.0,0.0
2011-12,2011-10-16T00:00:00Z,Newcastle United,Tottenham Hotspur,2,2,D,0.0,1.0,A,L Probert,12.0,11.0,7.0,8.0,5.0,2.0,11.0,15.0,1.0,2.0,0.0,0.0
2011-12,2011-10-23T00:00:00Z,Blackburn Rovers,Tottenham Hotspur,1,2,A,1.0,1.0,D,S Attwell,19.0,9.0,8.0,7.0,8.0,5.0,19.0,7.0,4.0,1.0,0.0,0.0
2011-12,2011-10-30T00:00:00Z,Tottenham Hotspur,Queens Park Rangers,3,1,H,2.0,0.0,H,H Webb,22.0,12.0,13.0,8.0,4.0,8.0,12.0,14.0,0.0,0.0,0.0,0.0
2011-12,2011-11-06T00:00:00Z,Fulham,Tottenham Hotspur,1,3,A,0.0,2.0,A,P Walton,26.0,8.0,20.0,8.0,11.0,1.0,5.0,9.0,0.0,1.0,0.0,0.0
2011-12,2011-11-21T00:00:00Z,Tottenham Hotspur,Aston Villa,2,0,H,2.0,0.0,H,M Halsey,20.0,5.0,9.0,1.0,11.0,3.0,4.0,5.0,0.0,2.0,0.0,0.0
2011-12,2011-11-26T00:00:00Z,West Bromwich Albion,Tottenham Hotspur,1,3,A,1.0,1.0,D,L Probert,9.0,23.0,5.0,14.0,1.0,10.0,11.0,13.0,2.0,1.0,0.0,0.0
2011-12,2011-12-03T00:00:00Z,Tottenham Hotspur,Bolton Wanderers,3,0,H,1.0,0.0,H,S Attwell,25.0,13.0,16.0,9.0,7.0,6.0,10.0,5.0,0.0,2.0,0.0,1.0
2011-12,2011-12-11T00:00:00Z,Stoke City,Tottenham Hotspur,2,1,H,2.0,0.0,H,C Foy,10.0,15.0,7.0,12.0,7.0,12.0,8.0,7.0,2.0,2.0,0.0,1.0
2011-12,2011-12-18T00:00:00Z,Tottenham Hotspur,Sunderland,1,0,H,0.0,0.0,D,M Dean,16.0,8.0,12.0,4.0,6.0,0.0,6.0,8.0,1.0,2.0,0.0,0.0
2011-12,2011-12-22T00:00:00Z,Tottenham Hotspur,Chelsea,1,1,D,1.0,1.0,D,H Webb,16.0,20.0,10.0,10.0,7.0,4.0,14.0,8.0,2.0,2.0,0.0,0.0
2011-12,2011-12-27T00:00:00Z,Norwich City,Tottenham Hotspur,0,2,A,0.0,0.0,D,M Oliver,8.0,19.0,4.0,8.0,3.0,10.0,7.0,6.0,1.0,1.0,0.0,0.0
2011-12,2011-12-31T00:00:00Z,Swansea City,Tottenham Hotspur,1,1,D,0.0,1.0,A,P Dowd,14.0,12.0,8.0,7.0,10.0,5.0,8.0,4.0,1.0,2.0,0.0,0.0
2011-12,2012-01-03T00:00:00Z,Tottenham Hotspur,West Bromwich Albion,1,0,H,0.0,0.0,D,M Halsey,20.0,8.0,14.0,2.0,14.0,7.0,3.0,14.0,0.0,5.0,0.0,0.0
2011-12,2012-01-11T00:00:00Z,Tottenham Hotspur,Everton,2,0,H,1.0,0.0,H,M Atkinson,14.0,11.0,7.0,4.0,6.0,4.0,5.0,15.0,1.0,3.0,0.0,0.0
2011-12,2012-01-14T00:00:00Z,Tottenham Hotspur,Wolverhampton Wanderers,1,1,D,0.0,1.0,A,M Jones,22.0,5.0,10.0,3.0,8.0,1.0,6.0,12.0,1.0,3.0,0.0,0.0
2011-12,2012-01-22T00:00:00Z,Manchester City,Tottenham Hotspur,3,2,H,0.0,0.0,D,H Webb,13.0,12.0,7.0,7.0,9.0,4.0,7.0,10.0,2.0,1.0,0.0,0.0
2011-12,2012-01-31T00:00:00Z,Tottenham Hotspur,Wigan Athletic,3,1,H,2.0,0.0,H,L Probert,20.0,10.0,13.0,6.0,5.0,0.0,7.0,7.0,0.0,1.0,0.0,0.0
2011-12,2012-02-06T00:00:00Z,Liverpool,Tottenham Hotspur,0,0,D,0.0,0.0,D,M Oliver,15.0,9.0,10.0,6.0,7.0,4.0,6.0,11.0,2.0,2.0,0.0,0.0
2011-12,2012-02-11T00:00:00Z,Tottenham Hotspur,Newcastle United,5,0,H,4.0,0.0,H,A Marriner,18.0,7.0,9.0,3.0,4.0,3.0,7.0,9.0,2.0,1.0,0.0,0.0
2011-12,2012-02-26T00:00:00Z,Arsenal,Tottenham Hotspur,5,2,H,2.0,2.0,D,M Dean,21.0,8.0,13.0,4.0,7.0,5.0,15.0,12.0,3.0,3.0,0.0,1.0
2011-12,2012-03-04T00:00:00Z,Tottenham Hotspur,Manchester United,1,3,A,0.0,1.0,A,M Atkinson,18.0,6.0,9.0,5.0,7.0,3.0,8.0,10.0,1.0,2.0,0.0,0.0
2011-12,2012-03-10T00:00:00Z,Everton,Tottenham Hotspur,1,0,H,1.0,0.0,H,M Halsey,9.0,21.0,5.0,9.0,0.0,8.0,13.0,11.0,2.0,2.0,0.0,0.0
2011-12,2012-03-21T00:00:00Z,Tottenham Hotspur,Stoke City,1,1,D,0.0,0.0,D,M Jones,24.0,8.0,18.0,2.0,13.0,1.0,10.0,10.0,1.0,1.0,0.0,0.0
2011-12,2012-03-24T00:00:00Z,Chelsea,Tottenham Hotspur,0,0,D,0.0,0.0,D,M Atkinson,10.0,19.0,5.0,7.0,6.0,5.0,9.0,11.0,1.0,2.0,0.0,0.0
2011-12,2012-04-01T00:00:00Z,Tottenham Hotspur,Swansea City,3,1,H,1.0,0.0,H,A Marriner,15.0,11.0,10.0,7.0,7.0,7.0,11.0,12.0,0.0,0.0,0.0,0.0
2011-12,2012-04-07T00:00:00Z,Sunderland,Tottenham Hotspur,0,0,D,0.0,0.0,D,C Foy,12.0,15.0,9.0,8.0,11.0,4.0,12.0,10.0,2.0,2.0,0.0,0.0
2011-12,2012-04-09T00:00:00Z,Tottenham Hotspur,Norwich City,1,2,A,1.0,1.0,D,M Oliver,13.0,12.0,9.0,6.0,10.0,3.0,12.0,12.0,1.0,2.0,0.0,0.0
2011-12,2012-04-21T00:00:00Z,Queens Park Rangers,Tottenham Hotspur,1,0,H,1.0,0.0,H,M Clattenburg,12.0,17.0,5.0,8.0,4.0,13.0,13.0,10.0,4.0,0.0,1.0,0.0
2011-12,2012-04-29T00:00:00Z,Tottenham Hotspur,Blackburn Rovers,2,0,H,1.0,0.0,H,M Jones,19.0,0.0,8.0,0.0,6.0,1.0,5.0,14.0,0.0,0.0,0.0,0.0
2011-12,2012-05-02T00:00:00Z,Bolton Wanderers,Tottenham Hotspur,1,4,A,0.0,1.0,A,M Dean,14.0,13.0,8.0,10.0,4.0,7.0,6.0,9.0,2.0,1.0,0.0,0.0
2011-12,2012-05-06T00:00:00Z,Aston Villa,Tottenham Hotspur,1,1,D,1.0,0.0,H,L Probert,4.0,21.0,2.0,10.0,4.0,19.0,10.0,8.0,1.0,2.0,0.0,1.0
2011-12,2012-05-13T00:00:00Z,Tottenham Hotspur,Fulham,2,0,H,1.0,0.0,H,P Dowd,15.0,10.0,9.0,7.0,9.0,3.0,8.0,12.0,0.0,2.0,0.0,0.0
2012-13,2012-08-18T00:00:00Z,Newcastle United,Tottenham Hotspur,2,1,H,0.0,0.0,D,M Atkinson,6.0,12.0,4.0,6.0,3.0,5.0,12.0,8.0,2.0,2.0,0.0,0.0
2012-13,2012-08-25T00:00:00Z,Tottenham Hotspur,West Bromwich Albion,1,1,D,0.0,0.0,D,M Dean,18.0,10.0,10.0,5.0,7.0,5.0,8.0,7.0,1.0,2.0,0.0,0.0
2012-13,2012-09-01T00:00:00Z,Tottenham Hotspur,Norwich City,1,1,D,0.0,0.0,D,M Halsey,15.0,10.0,9.0,4.0,4.0,2.0,7.0,12.0,1.0,0.0,1.0,0.0
2012-13,2012-09-16T00:00:00Z,Reading,Tottenham Hotspur,1,3,A,0.0,1.0,A,H Webb,4.0,22.0,2.0,11.0,7.0,4.0,4.0,9.0,0.0,1.0,0.0,0.0
2012-13,2012-09-23T00:00:00Z,Tottenham Hotspur,Queens Park Rangers,2,1,H,0.0,1.0,A,P Dowd,18.0,9.0,14.0,6.0,10.0,9.0,7.0,12.0,0.0,2.0,0.0,0.0
2012-13,2012-09-29T00:00:00Z,Manchester United,Tottenham Hotspur,2,3,A,0.0,2.0,A,C Foy,15.0,10.0,8.0,6.0,9.0,5.0,5.0,7.0,0.0,0.0,0.0,0.0
2012-13,2012-10-07T00:00:00Z,Tottenham Hotspur,Aston Villa,2,0,H,0.0,0.0,D,N Swarbrick,23.0,8.0,10.0,5.0,8.0,0.0,7.0,10.0,1.0,3.0,0.0,0.0
2012-13,2012-10-20T00:00:00Z,Tottenham Hotspur,Chelsea,2,4,A,0.0,1.0,A,M Dean,23.0,11.0,16.0,7.0,7.0,4.0,7.0,8.0,3.0,2.0,0.0,0.0
2012-13,2012-10-28T00:00:00Z,Southampton,Tottenham Hotspur,1,2,A,0.0,2.0,A,L Mason,11.0,11.0,6.0,4.0,2.0,3.0,14.0,8.0,0.0,3.0,0.0,0.0
2012-13,2012-11-03T00:00:00Z,Tottenham Hotspur,Wigan Athletic,0,1,A,0.0,0.0,D,M Atkinson,13.0,7.0,10.0,4.0,9.0,3.0,10.0,11.0,1.0,1.0,0.0,0.0
2012-13,2012-11-11T00:00:00Z,Manchester City,Tottenham Hotspur,2,1,H,0.0,1.0,A,M Oliver,16.0,6.0,8.0,2.0,8.0,2.0,16.0,7.0,1.0,2.0,0.0,0.0
2012-13,2012-11-17T00:00:00Z,Arsenal,Tottenham Hotspur,5,2,H,3.0,1.0,H,H Webb,13.0,6.0,10.0,4.0,6.0,6.0,13.0,12.0,1.0,2.0,0.0,1.0
2012-13,2012-11-25T00:00:00Z,Tottenham Hotspur,West Ham United,3,1,H,1.0,0.0,H,A Marriner,25.0,10.0,13.0,6.0,4.0,2.0,9.0,10.0,1.0,2.0,0.0,0.0
2012-13,2012-11-28T00:00:00Z,Tottenham Hotspur,Liverpool,2,1,H,2.0,0.0,H,P Dowd,14.0,14.0,7.0,9.0,1.0,12.0,4.0,14.0,1.0,2.0,0.0,0.0
2012-13,2012-12-01T00:00:00Z,Fulham,Tottenham Hotspur,0,3,A,0.0,0.0,D,C Foy,8.0,10.0,2.0,6.0,2.0,1.0,10.0,8.0,0.0,2.0,0.0,0.0
2012-13,2012-12-09T00:00:00Z,Everton,Tottenham Hotspur,2,1,H,0.0,0.0,D,K Friend,17.0,8.0,11.0,6.0,4.0,4.0,10.0,9.0,2.0,2.0,0.0,0.0
2012-13,2012-12-16T00:00:00Z,Tottenham Hotspur,Swansea City,1,0,H,0.0,0.0,D,M Dean,24.0,4.0,16.0,0.0,9.0,3.0,12.0,8.0,2.0,3.0,0.0,0.0
2012-13,2012-12-22T00:00:00Z,Tottenham Hotspur,Stoke City,0,0,D,0.0,0.0,D,L Mason,21.0,4.0,14.0,2.0,11.0,4.0,8.0,11.0,2.0,5.0,0.0,0.0
2012-13,2012-12-26T00:00:00Z,Aston Villa,Tottenham Hotspur,0,4,A,0.0,0.0,D,M Clattenburg,4.0,20.0,1.0,16.0,2.0,16.0,11.0,7.0,1.0,0.0,0.0,0.0
2012-13,2012-12-29T00:00:00Z,Sunderland,Tottenham Hotspur,1,2,A,1.0,0.0,H,L Mason,9.0,18.0,6.0,14.0,3.0,8.0,9.0,15.0,1.0,3.0,0.0,0.0
2012-13,2013-01-01T00:00:00Z,Tottenham Hotspur,Reading,3,1,H,1.0,1.0,D,H Webb,30.0,7.0,20.0,4.0,12.0,3.0,9.0,9.0,0.0,0.0,0.0,0.0
2012-13,2013-01-12T00:00:00Z,Queens Park Rangers,Tottenham Hotspur,0,0,D,0.0,0.0,D,L Probert,4.0,16.0,1.0,8.0,2.0,6.0,10.0,7.0,1.0,1.0,0.0,0.0
2012-13,2013-01-20T00:00:00Z,Tottenham Hotspur,Manchester United,1,1,D,0.0,1.0,A,C Foy,23.0,6.0,18.0,4.0,9.0,4.0,7.0,14.0,1.0,4.0,0.0,0.0
2012-13,2013-01-30T00:00:00Z,Norwich City,Tottenham Hotspur,1,1,D,1.0,0.0,H,N Swarbrick,8.0,12.0,4.0,7.0,3.0,6.0,13.0,14.0,4.0,1.0,0.0,0.0
2012-13,2013-02-03T00:00:00Z,West Bromwich Albion,Tottenham Hotspur,0,1,A,0.0,0.0,D,M Clattenburg,4.0,21.0,3.0,13.0,2.0,17.0,9.0,9.0,1.0,0.0,1.0,0.0
2012-13,2013-02-09T00:00:00Z,Tottenham Hotspur,Newcastle United,2,1,H,1.0,1.0,D,P Dowd,16.0,9.0,9.0,7.0,11.0,5.0,5.0,11.0,0.0,2.0,0.0,0.0
2012-13,2013-02-25T00:00:00Z,West Ham United,Tottenham Hotspur,2,3,A,1.0,1.0,D,H Webb,8.0,25.0,6.0,16.0,6.0,12.0,12.0,7.0,4.0,1.0,0.0,0.0
2012-13,2013-03-03T00:00:00Z,Tottenham Hotspur,Arsenal,2,1,H,2.0,0.0,H,M Clattenburg,11.0,10.0,5.0,6.0,4.0,6.0,17.0,13.0,3.0,1.0,0.0,0.0
2012-13,2013-03-10T00:00:00Z,Liverpool,Tottenham Hotspur,3,2,H,1.0,1.0,D,M Oliver,10.0,15.0,4.0,9.0,1.0,4.0,9.0,8.0,1.0,1.0,0.0,0.0
2012-13,2013-03-17T00:00:00Z,Tottenham Hotspur,Fulham,0,1,A,0.0,0.0,D,M Jones,12.0,6.0,6.0,2.0,5.0,5.0,10.0,5.0,1.0,1.0,0.0,0.0
2012-13,2013-03-30T00:00:00Z,Swansea City,Tottenham Hotspur,1,2,A,0.0,2.0,A,A Taylor,11.0,9.0,3.0,7.0,5.0,2.0,5.0,10.0,2.0,4.0,0.0,0.0
2012-13,2013-04-07T00:00:00Z,Tottenham Hotspur,Everton,2,2,D,1.0,1.0,D,A Marriner,19.0,9.0,10.0,5.0,7.0,6.0,14.0,8.0,1.0,1.0,0.0,0.0
2012-13,2013-04-21T00:00:00Z,Tottenham Hotspur,Manchester City,3,1,H,0.0,1.0,A,L Mason,11.0,11.0,8.0,7.0,4.0,5.0,11.0,10.0,3.0,3.0,0.0,0.0
2012-13,2013-04-27T00:00:00Z,Wigan Athletic,Tottenham Hotspur,2,2,D,1.0,1.0,D,M Atkinson,6.0,14.0,4.0,7.0,3.0,3.0,12.0,10.0,3.0,1.0,0.0,0.0
2012-13,2013-05-04T00:00:00Z,Tottenham Hotspur,Southampton,1,0,H,0.0,0.0,D,M Clattenburg,7.0,10.0,4.0,6.0,5.0,5.0,8.0,9.0,1.0,1.0,0.0,0.0
2012-13,2013-05-08T00:00:00Z,Chelsea,Tottenham Hotspur,2,2,D,2.0,1.0,H,M Dean,15.0,13.0,8.0,6.0,6.0,5.0,6.0,16.0,1.0,2.0,0.0,0.0
2012-13,2013-05-12T00:00:00Z,Stoke City,Tottenham Hotspur,1,2,A,1.0,1.0,D,K Friend,6.0,23.0,3.0,15.0,2.0,11.0,11.0,5.0,4.0,1.0,1.0,0.0
2012-13,2013-05-19T00:00:00Z,Tottenham Hotspur,Sunderland,1,0,H,0.0,0.0,D,A Marriner,23.0,6.0,19.0,4.0,14.0,1.0,6.0,12.0,1.0,3.0,0.0,1.0
2013-14,2013-08-18T00:00:00Z,Crystal Palace,Tottenham Hotspur,0,1,A,0.0,0.0,D,M Clattenburg,5.0,17.0,3.0,2.0,3.0,7.0,6.0,9.0,1.0,0.0,0.0,0.0
2013-14,2013-08-25T00:00:00Z,Tottenham Hotspur,Swansea City,1,0,H,0.0,0.0,D,N Swarbrick,19.0,7.0,5.0,5.0,8.0,3.0,10.0,15.0,1.0,4.0,0.0,0.0
2013-14,2013-09-01T00:00:00Z,Arsenal,Tottenham Hotspur,1,0,H,1.0,0.0,H,M Oliver,12.0,14.0,5.0,4.0,3.0,6.0,15.0,14.0,2.0,2.0,0.0,0.0
2013-14,2013-09-14T00:00:00Z,Tottenham Hotspur,Norwich City,2,0,H,1.0,0.0,H,L Mason,23.0,4.0,7.0,1.0,8.0,1.0,2.0,12.0,1.0,3.0,0.0,0.0
2013-14,2013-09-22T00:00:00Z,Cardiff City,Tottenham Hotspur,0,1,A,0.0,0.0,D,M Clattenburg,6.0,29.0,0.0,12.0,2.0,12.0,5.0,7.0,1.0,4.0,0.0,0.0
2013-14,2013-09-28T00:00:00Z,Tottenham Hotspur,Chelsea,1,1,D,1.0,0.0,H,M Dean,12.0,11.0,4.0,5.0,4.0,5.0,14.0,14.0,5.0,1.0,0.0,1.0
2013-14,2013-10-06T00:00:00Z,Tottenham Hotspur,West Ham United,0,3,A,0.0,0.0,D,L Probert,14.0,16.0,4.0,5.0,6.0,7.0,5.0,9.0,0.0,0.0,0.0,0.0
2013-14,2013-10-20T00:00:00Z,Aston Villa,Tottenham Hotspur,0,2,A,0.0,1.0,A,P Dowd,15.0,13.0,2.0,6.0,4.0,7.0,13.0,12.0,3.0,4.0,0.0,0.0
2013-14,2013-10-27T00:00:00Z,Tottenham Hotspur,Hull City,1,0,H,0.0,0.0,D,M Oliver,15.0,10.0,6.0,4.0,6.0,4.0,13.0,10.0,3.0,3.0,0.0,0.0
2013-14,2013-11-03T00:00:00Z,Everton,Tottenham Hotspur,0,0,D,0.0,0.0,D,K Friend,8.0,16.0,1.0,6.0,7.0,4.0,11.0,9.0,4.0,1.0,0.0,0.0
2013-14,2013-11-10T00:00:00Z,Tottenham Hotspur,Newcastle United,0,1,A,0.0,1.0,A,C Foy,31.0,8.0,14.0,4.0,11.0,4.0,5.0,15.0,1.0,2.0,0.0,0.0
2013-14,2013-11-24T00:00:00Z,Manchester City,Tottenham Hotspur,6,0,H,3.0,0.0,H,M Atkinson,15.0,13.0,10.0,5.0,4.0,7.0,7.0,11.0,1.0,3.0,0.0,0.0
2013-14,2013-12-01T00:00:00Z,Tottenham Hotspur,Manchester United,2,2,D,1.0,1.0,D,M Dean,10.0,8.0,4.0,3.0,7.0,7.0,9.0,15.0,1.0,3.0,0.0,0.0
2013-14,2013-12-04T00:00:00Z,Fulham,Tottenham Hotspur,1,2,A,0.0,0.0,D,M Clattenburg,16.0,18.0,6.0,5.0,9.0,7.0,7.0,16.0,2.0,1.0,0.0,0.0
2013-14,2013-12-07T00:00:00Z,Sunderland,Tottenham Hotspur,1,2,A,1.0,1.0,D,L Mason,11.0,22.0,4.0,5.0,4.0,10.0,14.0,9.0,2.0,0.0,0.0,0.0
2013-14,2013-12-15T00:00:00Z,Tottenham Hotspur,Liverpool,0,5,A,0.0,2.0,A,J Moss,9.0,21.0,0.0,10.0,2.0,9.0,17.0,15.0,3.0,0.0,1.0,0.0
2013-14,2013-12-22T00:00:00Z,Southampton,Tottenham Hotspur,2,3,A,1.0,1.0,D,C Foy,12.0,13.0,5.0,3.0,2.0,5.0,10.0,18.0,1.0,1.0,0.0,0.0
2013-14,2013-12-26T00:00:00Z,Tottenham Hotspur,West Bromwich Albion,1,1,D,1.0,1.0,D,A Taylor,20.0,7.0,3.0,4.0,12.0,2.0,8.0,12.0,3.0,2.0,0.0,0.0
2013-14,2013-12-29T00:00:00Z,Tottenham Hotspur,Stoke City,3,0,H,1.0,0.0,H,K Friend,20.0,2.0,7.0,1.0,6.0,1.0,6.0,14.0,2.0,2.0,0.0,0.0
2013-14,2014-01-01T00:00:00Z,Manchester United,Tottenham Hotspur,1,2,A,0.0,1.0,A,H Webb,16.0,9.0,6.0,4.0,13.0,2.0,7.0,7.0,2.0,1.0,0.0,0.0
2013-14,2014-01-11T00:00:00Z,Tottenham Hotspur,Crystal Palace,2,0,H,0.0,0.0,D,M Oliver,10.0,14.0,4.0,2.0,5.0,11.0,12.0,12.0,1.0,2.0,0.0,0.0
2013-14,2014-01-19T00:00:00Z,Swansea City,Tottenham Hotspur,1,3,A,0.0,1.0,A,M Atkinson,13.0,11.0,3.0,5.0,8.0,2.0,6.0,9.0,2.0,1.0,0.0,0.0
2013-14,2014-01-29T00:00:00Z,Tottenham Hotspur,Manchester City,1,5,A,0.0,1.0,A,A Marriner,4.0,24.0,2.0,10.0,3.0,5.0,11.0,10.0,1.0,4.0,1.0,0.0
2013-14,2014-02-01T00:00:00Z,Hull City,Tottenham Hotspur,1,1,D,1.0,0.0,H,A Taylor,9.0,19.0,4.0,3.0,4.0,10.0,13.0,9.0,1.0,1.0,0.0,0.0
2013-14,2014-02-09T00:00:00Z,Tottenham Hotspur,Everton,1,0,H,0.0,0.0,D,M Clattenburg,8.0,11.0,2.0,3.0,9.0,7.0,9.0,13.0,1.0,0.0,0.0,0.0
2013-14,2014-02-12T00:00:00Z,Newcastle United,Tottenham Hotspur,0,4,A,0.0,1.0,A,N Swarbrick,13.0,15.0,5.0,8.0,8.0,6.0,6.0,11.0,0.0,0.0,0.0,0.0
2013-14,2014-02-23T00:00:00Z,Norwich City,Tottenham Hotspur,1,0,H,0.0,0.0,D,C Pawson,13.0,9.0,3.0,2.0,5.0,3.0,8.0,15.0,1.0,3.0,0.0,0.0
2013-14,2014-03-02T00:00:00Z,Tottenham Hotspur,Cardiff City,1,0,H,1.0,0.0,H,P Dowd,15.0,8.0,6.0,2.0,4.0,7.0,11.0,12.0,1.0,3.0,0.0,0.0
2013-14,2014-03-08T00:00:00Z,Chelsea,Tottenham Hotspur,4,0,H,0.0,0.0,D,M Oliver,12.0,6.0,4.0,2.0,5.0,4.0,11.0,18.0,2.0,3.0,0.0,1.0
2013-14,2014-03-16T00:00:00Z,Tottenham Hotspur,Arsenal,0,1,A,0.0,1.0,A,M Dean,17.0,7.0,2.0,3.0,5.0,2.0,18.0,11.0,5.0,3.0,0.0,0.0
2013-14,2014-03-23T00:00:00Z,Tottenham Hotspur,Southampton,3,2,H,1.0,2.0,A,A Taylor,15.0,12.0,6.0,4.0,7.0,3.0,9.0,9.0,1.0,2.0,0.0,0.0
2013-14,2014-03-30T00:00:00Z,Liverpool,Tottenham Hotspur,4,0,H,2.0,0.0,H,P Dowd,11.0,15.0,5.0,4.0,5.0,7.0,9.0,9.0,0.0,2.0,0.0,0.0
2013-14,2014-04-07T00:00:00Z,Tottenham Hotspur,Sunderland,5,1,H,1.0,1.0,D,L Mason,29.0,8.0,11.0,4.0,8.0,2.0,12.0,8.0,0.0,2.0,0.0,0.0
2013-14,2014-04-12T00:00:00Z,West Bromwich Albion,Tottenham Hotspur,3,3,D,3.0,1.0,H,N Swarbrick,6.0,20.0,5.0,8.0,2.0,2.0,11.0,8.0,4.0,2.0,0.0,0.0
2013-14,2014-04-19T00:00:00Z,Tottenham Hotspur,Fulham,3,1,H,1.0,1.0,D,L Probert,14.0,11.0,5.0,4.0,4.0,5.0,8.0,11.0,0.0,1.0,0.0,0.0
2013-14,2014-04-26T00:00:00Z,Stoke City,Tottenham Hotspur,0,1,A,0.0,1.0,A,A Marriner,17.0,16.0,3.0,4.0,4.0,3.0,11.0,6.0,1.0,2.0,1.0,0.0
2013-14,2014-05-03T00:00:00Z,West Ham United,Tottenham Hotspur,2,0,H,2.0,0.0,H,P Dowd,20.0,12.0,8.0,3.0,10.0,6.0,10.0,16.0,0.0,4.0,0.0,1.0
2013-14,2014-05-11T00:00:00Z,Tottenham Hotspur,Aston Villa,3,0,H,3.0,0.0,H,J Moss,12.0,4.0,6.0,1.0,5.0,1.0,11.0,11.0,1.0,0.0,0.0,0.0
2014-15,2014-08-16T00:00:00Z,West Ham United,Tottenham Hotspur,0,1,A,0.0,0.0,D,C Foy,18.0,10.0,4.0,4.0,8.0,5.0,12.0,10.0,1.0,0.0,1.0,1.0
2014-15,2014-08-24T00:00:00Z,Tottenham Hotspur,Queens Park Rangers,4,0,H,3.0,0.0,H,A Taylor,18.0,9.0,5.0,1.0,7.0,6.0,12.0,6.0,0.0,1.0,0.0,0.0
2014-15,2014-08-31T00:00:00Z,Tottenham Hotspur,Liverpool,0,3,A,0.0,1.0,A,P Dowd,7.0,17.0,1.0,8.0,7.0,3.0,14.0,11.0,0.0,4.0,0.0,0.0
2014-15,2014-09-13T00:00:00Z,Sunderland,Tottenham Hotspur,2,2,D,1.0,1.0,D,C Pawson,6.0,15.0,1.0,6.0,5.0,5.0,10.0,13.0,5.0,1.0,0.0,0.0
2014-15,2014-09-21T00:00:00Z,Tottenham Hotspur,West Bromwich Albion,0,1,A,0.0,0.0,D,K Friend,7.0,10.0,1.0,4.0,9.0,7.0,12.0,7.0,2.0,2.0,0.0,0.0
2014-15,2014-09-27T00:00:00Z,Arsenal,Tottenham Hotspur,1,1,D,0.0,0.0,D,M Oliver,16.0,6.0,6.0,4.0,15.0,5.0,7.0,16.0,3.0,6.0,0.0,0.0
2014-15,2014-10-05T00:00:00Z,Tottenham Hotspur,Southampton,1,0,H,1.0,0.0,H,M Jones,9.0,7.0,4.0,3.0,10.0,5.0,15.0,9.0,2.0,1.0,0.0,0.0
2014-15,2014-10-18T00:00:00Z,Manchester City,Tottenham Hotspur,4,1,H,2.0,1.0,H,J Moss,20.0,19.0,12.0,7.0,3.0,4.0,11.0,9.0,1.0,2.0,0.0,1.0
2014-15,2014-10-26T00:00:00Z,Tottenham Hotspur,Newcastle United,1,2,A,1.0,0.0,H,A Taylor,17.0,8.0,2.0,2.0,10.0,2.0,9.0,12.0,2.0,4.0,0.0,0.0
2014-15,2014-11-02T00:00:00Z,Aston Villa,Tottenham Hotspur,1,2,A,1.0,0.0,H,N Swarbrick,12.0,18.0,1.0,7.0,3.0,9.0,12.0,11.0,3.0,3.0,1.0,0.0
2014-15,2014-11-09T00:00:00Z,Tottenham Hotspur,Stoke City,1,2,A,0.0,2.0,A,M Jones,14.0,11.0,4.0,4.0,5.0,5.0,20.0,13.0,3.0,2.0,1.0,0.0
2014-15,2014-11-23T00:00:00Z,Hull City,Tottenham Hotspur,1,2,A,1.0,0.0,H,C Pawson,10.0,23.0,2.0,6.0,3.0,9.0,15.0,9.0,3.0,1.0,1.0,0.0
2014-15,2014-11-30T00:00:00Z,Tottenham Hotspur,Everton,2,1,H,2.0,1.0,H,M Oliver,13.0,10.0,6.0,5.0,3.0,4.0,15.0,5.0,5.0,1.0,0.0,0.0
2014-15,2014-12-03T00:00:00Z,Chelsea,Tottenham Hotspur,3,0,H,2.0,0.0,H,M Dean,12.0,10.0,8.0,2.0,1.0,6.0,9.0,9.0,1.0,1.0,0.0,0.0
2014-15,2014-12-06T00:00:00Z,Tottenham Hotspur,Crystal Palace,0,0,D,0.0,0.0,D,L Mason,14.0,16.0,3.0,4.0,2.0,12.0,11.0,10.0,1.0,0.0,0.0,0.0
2014-15,2014-12-14T00:00:00Z,Swansea City,Tottenham Hotspur,1,2,A,0.0,1.0,A,R Madley,15.0,10.0,3.0,4.0,7.0,9.0,7.0,17.0,3.0,4.0,0.0,0.0
2014-15,2014-12-20T00:00:00Z,Tottenham Hotspur,Burnley,2,1,H,2.0,1.0,H,M Jones,23.0,9.0,6.0,5.0,9.0,6.0,9.0,8.0,1.0,0.0,0.0,0.0
2014-15,2014-12-26T00:00:00Z,Leicester City,Tottenham Hotspur,1,2,A,0.0,1.0,A,N Swarbrick,22.0,8.0,6.0,3.0,11.0,1.0,10.0,14.0,1.0,2.0,0.0,0.0
2014-15,2014-12-28T00:00:00Z,Tottenham Hotspur,Manchester United,0,0,D,0.0,0.0,D,J Moss,9.0,9.0,4.0,5.0,3.0,6.0,11.0,19.0,2.0,4.0,0.0,0.0
2014-15,2015-01-01T00:00:00Z,Tottenham Hotspur,Chelsea,5,3,H,3.0,1.0,H,P Dowd,11.0,19.0,8.0,7.0,5.0,3.0,14.0,10.0,3.0,1.0,0.0,0.0
2014-15,2015-01-10T00:00:00Z,Crystal Palace,Tottenham Hotspur,2,1,H,0.0,0.0,D,A Taylor,21.0,9.0,7.0,5.0,4.0,6.0,9.0,14.0,5.0,3.0,0.0,0.0
2014-15,2015-01-17T00:00:00Z,Tottenham Hotspur,Sunderland,2,1,H,1.0,1.0,D,C Foy,25.0,8.0,8.0,4.0,6.0,6.0,14.0,8.0,1.0,2.0,0.0,0.0
2014-15,2015-01-31T00:00:00Z,West Bromwich Albion,Tottenham Hotspur,0,3,A,0.0,2.0,A,K Friend,13.0,14.0,4.0,4.0,6.0,3.0,8.0,13.0,2.0,1.0,0.0,0.0
2014-15,2015-02-07T00:00:00Z,Tottenham Hotspur,Arsenal,2,1,H,0.0,1.0,A,M Atkinson,23.0,7.0,8.0,3.0,10.0,3.0,8.0,12.0,3.0,5.0,0.0,0.0
2014-15,2015-02-10T00:00:00Z,Liverpool,Tottenham Hotspur,3,2,H,1.0,1.0,D,P Dowd,16.0,14.0,7.0,5.0,5.0,7.0,13.0,17.0,3.0,6.0,0.0,0.0
2014-15,2015-02-22T00:00:00Z,Tottenham Hotspur,West Ham United,2,2,D,0.0,1.0,A,J Moss,27.0,12.0,8.0,5.0,7.0,9.0,6.0,12.0,0.0,2.0,0.0,0.0
2014-15,2015-03-04T00:00:00Z,Tottenham Hotspur,Swansea City,3,2,H,1.0,1.0,D,M Oliver,20.0,10.0,7.0,5.0,6.0,4.0,14.0,7.0,1.0,0.0,0.0,0.0
2014-15,2015-03-07T00:00:00Z,Queens Park Rangers,Tottenham Hotspur,1,2,A,0.0,1.0,A,C Pawson,17.0,13.0,6.0,6.0,3.0,5.0,15.0,12.0,1.0,2.0,0.0,0.0
2014-15,2015-03-15T00:00:00Z,Manchester United,Tottenham Hotspur,3,0,H,3.0,0.0,H,M Clattenburg,11.0,5.0,3.0,1.0,4.0,2.0,12.0,10.0,1.0,1.0,0.0,0.0
2014-15,2015-03-21T00:00:00Z,Tottenham Hotspur,Leicester City,4,3,H,2.0,1.0,H,M Dean,10.0,14.0,4.0,5.0,4.0,4.0,8.0,9.0,2.0,1.0,0.0,0.0
2014-15,2015-04-05T00:00:00Z,Burnley,Tottenham Hotspur,0,0,D,0.0,0.0,D,M Atkinson,15.0,12.0,4.0,2.0,5.0,3.0,9.0,5.0,2.0,0.0,0.0,0.0
2014-15,2015-04-11T00:00:00Z,Tottenham Hotspur,Aston Villa,0,1,A,0.0,1.0,A,L Probert,14.0,10.0,3.0,3.0,9.0,6.0,11.0,12.0,3.0,2.0,0.0,1.0
2014-15,2015-04-19T00:00:00Z,Newcastle United,Tottenham Hotspur,1,3,A,0.0,1.0,A,K Friend,11.0,14.0,5.0,8.0,4.0,3.0,11.0,13.0,2.0,4.0,0.0,0.0
2014-15,2015-04-25T00:00:00Z,Southampton,Tottenham Hotspur,2,2,D,1.0,1.0,D,J Moss,13.0,7.0,4.0,2.0,8.0,3.0,9.0,10.0,1.0,3.0,0.0,0.0
2014-15,2015-05-03T00:00:00Z,Tottenham Hotspur,Manchester City,0,1,A,0.0,1.0,A,A Marriner,21.0,15.0,5.0,4.0,8.0,7.0,6.0,11.0,3.0,4.0,0.0,0.0
2014-15,2015-05-09T00:00:00Z,Stoke City,Tottenham Hotspur,3,0,H,2.0,0.0,H,M Clattenburg,17.0,9.0,9.0,3.0,6.0,8.0,14.0,12.0,0.0,0.0,0.0,1.0
2014-15,2015-05-16T00:00:00Z,Tottenham Hotspur,Hull City,2,0,H,0.0,0.0,D,A Taylor,10.0,14.0,3.0,2.0,6.0,8.0,10.0,6.0,3.0,1.0,0.0,0.0
2014-15,2015-05-24T00:00:00Z,Everton,Tottenham Hotspur,0,1,A,0.0,1.0,A,J Moss,9.0,16.0,1.0,3.0,3.0,5.0,12.0,8.0,1.0,2.0,0.0,0.0
2015-16,2015-08-08T00:00:00Z,Manchester United,Tottenham Hotspur,1,0,H,1.0,0.0,H,J Moss,9.0,9.0,1.0,4.0,1.0,2.0,12.0,12.0,2.0,3.0,0.0,0.0
2015-16,2015-08-15T00:00:00Z,Tottenham Hotspur,Stoke City,2,2,D,2.0,0.0,H,R Madley,13.0,16.0,7.0,7.0,4.0,3.0,15.0,11.0,2.0,2.0,0.0,0.0
2015-16,2015-08-22T00:00:00Z,Leicester City,Tottenham Hotspur,1,1,D,0.0,0.0,D,M Atkinson,13.0,19.0,2.0,6.0,2.0,7.0,7.0,14.0,1.0,4.0,0.0,0.0
2015-16,2015-08-29T00:00:00Z,Tottenham Hotspur,Everton,0,0,D,0.0,0.0,D,M Jones,20.0,8.0,6.0,3.0,6.0,2.0,20.0,9.0,4.0,1.0,0.0,0.0
2015-16,2015-09-13T00:00:00Z,Sunderland,Tottenham Hotspur,0,1,A,0.0,0.0,D,C Pawson,12.0,15.0,2.0,4.0,6.0,8.0,11.0,12.0,2.0,1.0,0.0,0.0
2015-16,2015-09-20T00:00:00Z,Tottenham Hotspur,Crystal Palace,1,0,H,0.0,0.0,D,M Oliver,22.0,12.0,6.0,4.0,6.0,5.0,9.0,11.0,1.0,2.0,0.0,0.0
2015-16,2015-09-26T00:00:00Z,Tottenham Hotspur,Manchester City,4,1,H,1.0,1.0,D,M Clattenburg,15.0,22.0,8.0,8.0,5.0,9.0,17.0,6.0,5.0,1.0,0.0,0.0
2015-16,2015-10-04T00:00:00Z,Swansea City,Tottenham Hotspur,2,2,D,2.0,1.0,H,M Dean,11.0,19.0,2.0,11.0,5.0,6.0,8.0,19.0,1.0,4.0,0.0,0.0
2015-16,2015-10-17T00:00:00Z,Tottenham Hotspur,Liverpool,0,0,D,0.0,0.0,D,C Pawson,13.0,12.0,4.0,3.0,8.0,6.0,15.0,11.0,1.0,2.0,0.0,0.0
2015-16,2015-10-25T00:00:00Z,AFC Bournemouth,Tottenham Hotspur,1,5,A,1.0,3.0,A,R East,11.0,14.0,3.0,9.0,4.0,5.0,8.0,15.0,0.0,1.0,0.0,0.0
2015-16,2015-11-02T00:00:00Z,Tottenham Hotspur,Aston Villa,3,1,H,2.0,0.0,H,M Dean,17.0,13.0,6.0,2.0,4.0,3.0,6.0,15.0,0.0,3.0,0.0,0.0
2015-16,2015-11-08T00:00:00Z,Arsenal,Tottenham Hotspur,1,1,D,0.0,1.0,A,M Atkinson,10.0,14.0,4.0,4.0,7.0,6.0,12.0,17.0,0.0,1.0,0.0,0.0
2015-16,2015-11-22T00:00:00Z,Tottenham Hotspur,West Ham United,4,1,H,2.0,0.0,H,A Taylor,22.0,10.0,12.0,4.0,7.0,6.0,13.0,9.0,2.0,2.0,0.0,0.0
2015-16,2015-11-29T00:00:00Z,Tottenham Hotspur,Chelsea,0,0,D,0.0,0.0,D,M Oliver,9.0,5.0,4.0,1.0,4.0,4.0,14.0,9.0,4.0,2.0,0.0,0.0
2015-16,2015-12-05T00:00:00Z,West Bromwich Albion,Tottenham Hotspur,1,1,D,1.0,1.0,D,J Moss,11.0,9.0,4.0,3.0,3.0,6.0,13.0,10.0,3.0,2.0,0.0,0.0
2015-16,2015-12-13T00:00:00Z,Tottenham Hotspur,Newcastle United,1,2,A,1.0,0.0,H,R East,20.0,8.0,8.0,4.0,6.0,2.0,13.0,14.0,2.0,2.0,0.0,0.0
2015-16,2015-12-19T00:00:00Z,Southampton,Tottenham Hotspur,0,2,A,0.0,2.0,A,K Friend,11.0,13.0,4.0,6.0,4.0,7.0,18.0,9.0,1.0,1.0,0.0,0.0
2015-16,2015-12-26T00:00:00Z,Tottenham Hotspur,Norwich City,3,0,H,2.0,0.0,H,M Jones,15.0,11.0,10.0,3.0,9.0,4.0,4.0,13.0,1.0,2.0,0.0,0.0
2015-16,2015-12-28T00:00:00Z,Watford,Tottenham Hotspur,1,2,A,1.0,1.0,D,A Taylor,9.0,10.0,1.0,3.0,5.0,3.0,11.0,13.0,4.0,2.0,1.0,0.0
2015-16,2016-01-03T00:00:00Z,Everton,Tottenham Hotspur,1,1,D,1.0,1.0,D,M Oliver,12.0,19.0,3.0,4.0,4.0,4.0,8.0,11.0,1.0,2.0,0.0,0.0
2015-16,2016-01-13T00:00:00Z,Tottenham Hotspur,Leicester City,0,1,A,0.0,0.0,D,L Mason,21.0,10.0,5.0,2.0,16.0,8.0,13.0,10.0,1.0,0.0,0.0,0.0
2015-16,2016-01-16T00:00:00Z,Tottenham Hotspur,Sunderland,4,1,H,1.0,1.0,D,M Dean,26.0,5.0,11.0,2.0,11.0,3.0,8.0,13.0,0.0,2.0,0.0,0.0
2015-16,2016-01-23T00:00:00Z,Crystal Palace,Tottenham Hotspur,1,3,A,1.0,0.0,H,M Atkinson,11.0,24.0,3.0,11.0,3.0,10.0,11.0,12.0,2.0,2.0,0.0,0.0
2015-16,2016-02-02T00:00:00Z,Norwich City,Tottenham Hotspur,0,3,A,0.0,2.0,A,K Friend,10.0,17.0,2.0,6.0,6.0,8.0,8.0,9.0,2.0,2.0,0.0,0.0
2015-16,2016-02-06T00:00:00Z,Tottenham Hotspur,Watford,1,0,H,0.0,0.0,D,R East,26.0,3.0,9.0,0.0,15.0,1.0,12.0,9.0,0.0,1.0,0.0,0.0
2015-16,2016-02-14T00:00:00Z,Manchester City,Tottenham Hotspur,1,2,A,0.0,0.0,D,M Clattenburg,19.0,6.0,4.0,3.0,7.0,1.0,12.0,17.0,1.0,3.0,0.0,0.0
2015-16,2016-02-28T00:00:00Z,Tottenham Hotspur,Swansea City,2,1,H,0.0,1.0,A,M Jones,34.0,10.0,14.0,4.0,7.0,7.0,11.0,14.0,2.0,3.0,0.0,0.0
2015-16,2016-03-02T00:00:00Z,West Ham United,Tottenham Hotspur,1,0,H,1.0,0.0,H,A Marriner,14.0,9.0,3.0,2.0,6.0,3.0,10.0,11.0,0.0,3.0,0.0,0.0
2015-16,2016-03-05T00:00:00Z,Tottenham Hotspur,Arsenal,2,2,D,0.0,1.0,A,M Oliver,26.0,10.0,11.0,4.0,9.0,2.0,9.0,10.0,2.0,2.0,0.0,1.0
2015-16,2016-03-13T00:00:00Z,Aston Villa,Tottenham Hotspur,0,2,A,0.0,1.0,A,A Taylor,11.0,19.0,2.0,8.0,5.0,8.0,6.0,6.0,0.0,0.0,0.0,0.0
2015-16,2016-03-20T00:00:00Z,Tottenham Hotspur,AFC Bournemouth,3,0,H,2.0,0.0,H,N Swarbrick,17.0,2.0,8.0,0.0,4.0,5.0,11.0,6.0,0.0,1.0,0.0,0.0
2015-16,2016-04-02T00:00:00Z,Liverpool,Tottenham Hotspur,1,1,D,0.0,0.0,D,J Moss,15.0,18.0,7.0,5.0,12.0,9.0,11.0,11.0,2.0,0.0,0.0,0.0
2015-16,2016-04-10T00:00:00Z,Tottenham Hotspur,Manchester United,3,0,H,0.0,0.0,D,M Dean,16.0,5.0,8.0,1.0,2.0,7.0,10.0,10.0,3.0,3.0,0.0,0.0
2015-16,2016-04-18T00:00:00Z,Stoke City,Tottenham Hotspur,0,4,A,0.0,1.0,A,N Swarbrick,12.0,23.0,2.0,6.0,5.0,3.0,12.0,12.0,2.0,0.0,0.0,0.0
2015-16,2016-04-25T00:00:00Z,Tottenham Hotspur,West Bromwich Albion,1,1,D,1.0,0.0,H,M Jones,19.0,16.0,2.0,3.0,9.0,7.0,8.0,13.0,0.0,1.0,0.0,0.0
2015-16,2016-05-02T00:00:00Z,Chelsea,Tottenham Hotspur,2,2,D,0.0,2.0,A,M Clattenburg,13.0,16.0,5.0,5.0,7.0,8.0,9.0,20.0,3.0,9.0,0.0,0.0
2015-16,2016-05-08T00:00:00Z,Tottenham Hotspur,Southampton,1,2,A,1.0,1.0,D,J Moss,20.0,10.0,6.0,2.0,10.0,2.0,8.0,16.0,0.0,3.0,0.0,0.0
2015-16,2016-05-15T00:00:00Z,Newcastle United,Tottenham Hotspur,5,1,H,2.0,0.0,H,A Taylor,19.0,17.0,10.0,5.0,3.0,8.0,7.0,6.0,1.0,2.0,1.0,0.0
2016-17,2016-08-13T00:00:00Z,Everton,Tottenham Hotspur,1,1,D,1.0,0.0,H,M Atkinson,12.0,13.0,6.0,4.0,5.0,6.0,10.0,14.0,0.0,0.0,0.0,0.0
2016-17,2016-08-20T00:00:00Z,Tottenham Hotspur,Crystal Palace,1,0,H,0.0,0.0,D,M Oliver,20.0,10.0,5.0,2.0,10.0,4.0,19.0,9.0,3.0,3.0,0.0,0.0
2016-17,2016-08-27T00:00:00Z,Tottenham Hotspur,Liverpool,1,1,D,0.0,1.0,A,R Madley,11.0,13.0,4.0,3.0,5.0,5.0,11.0,17.0,3.0,5.0,0.0,0.0
2016-17,2016-09-10T00:00:00Z,Stoke City,Tottenham Hotspur,0,4,A,0.0,1.0,A,A Taylor,15.0,20.0,2.0,8.0,10.0,8.0,13.0,18.0,3.0,2.0,0.0,0.0
2016-17,2016-09-18T00:00:00Z,Tottenham Hotspur,Sunderland,1,0,H,0.0,0.0,D,M Dean,31.0,6.0,9.0,2.0,14.0,1.0,7.0,16.0,1.0,5.0,0.0,1.0
2016-17,2016-09-24T00:00:00Z,Middlesbrough,Tottenham Hotspur,1,2,A,0.0,2.0,A,G Scott,6.0,19.0,2.0,5.0,2.0,10.0,14.0,9.0,2.0,1.0,0.0,0.0
2016-17,2016-10-02T00:00:00Z,Tottenham Hotspur,Manchester City,2,0,H,2.0,0.0,H,A Marriner,13.0,12.0,7.0,6.0,4.0,3.0,20.0,10.0,2.0,2.0,0.0,0.0
2016-17,2016-10-15T00:00:00Z,West Bromwich Albion,Tottenham Hotspur,1,1,D,0.0,0.0,D,K Friend,8.0,20.0,4.0,8.0,5.0,8.0,14.0,10.0,2.0,2.0,0.0,0.0
2016-17,2016-10-22T00:00:00Z,AFC Bournemouth,Tottenham Hotspur,0,0,D,0.0,0.0,D,C Pawson,8.0,16.0,1.0,4.0,7.0,4.0,10.0,15.0,2.0,4.0,0.0,0.0
2016-17,2016-10-29T00:00:00Z,Tottenham Hotspur,Leicester City,1,1,D,1.0,0.0,H,R Madley,22.0,6.0,5.0,1.0,8.0,1.0,11.0,20.0,3.0,4.0,0.0,0.0
2016-17,2016-11-06T00:00:00Z,Arsenal,Tottenham Hotspur,1,1,D,1.0,0.0,H,M Clattenburg,15.0,10.0,2.0,3.0,7.0,2.0,11.0,17.0,1.0,2.0,0.0,0.0
2016-17,2016-11-19T00:00:00Z,Tottenham Hotspur,West Ham United,3,2,H,0.0,1.0,A,M Dean,14.0,11.0,6.0,3.0,4.0,5.0,13.0,16.0,3.0,2.0,0.0,1.0
2016-17,2016-11-26T00:00:00Z,Chelsea,Tottenham Hotspur,2,1,H,1.0,1.0,D,M Oliver,9.0,12.0,5.0,6.0,3.0,8.0,13.0,16.0,2.0,1.0,0.0,0.0
2016-17,2016-12-03T00:00:00Z,Tottenham Hotspur,Swansea City,5,0,H,2.0,0.0,H,J Moss,28.0,1.0,15.0,0.0,5.0,0.0,11.0,17.0,0.0,4.0,0.0,0.0
2016-17,2016-12-11T00:00:00Z,Manchester United,Tottenham Hotspur,1,0,H,1.0,0.0,H,R Madley,15.0,12.0,5.0,4.0,3.0,8.0,19.0,17.0,3.0,3.0,0.0,0.0
2016-17,2016-12-14T00:00:00Z,Tottenham Hotspur,Hull City,3,0,H,1.0,0.0,H,A Marriner,27.0,10.0,9.0,5.0,5.0,5.0,6.0,14.0,0.0,2.0,0.0,0.0
2016-17,2016-12-18T00:00:00Z,Tottenham Hotspur,Burnley,2,1,H,1.0,1.0,D,K Friend,30.0,5.0,9.0,2.0,11.0,2.0,10.0,11.0,1.0,2.0,0.0,0.0
2016-17,2016-12-28T00:00:00Z,Southampton,Tottenham Hotspur,1,4,A,1.0,1.0,D,M Dean,9.0,17.0,2.0,5.0,2.0,10.0,7.0,16.0,1.0,4.0,1.0,0.0
2016-17,2017-01-01T00:00:00Z,Watford,Tottenham Hotspur,1,4,A,0.0,3.0,A,M Oliver,6.0,19.0,2.0,6.0,0.0,3.0,11.0,6.0,3.0,0.0,0.0,0.0
2016-17,2017-01-04T00:00:00Z,Tottenham Hotspur,Chelsea,2,0,H,1.0,0.0,H,M Atkinson,9.0,11.0,2.0,2.0,1.0,6.0,9.0,8.0,3.0,2.0,0.0,0.0
2016-17,2017-01-14T00:00:00Z,Tottenham Hotspur,West Bromwich Albion,4,0,H,2.0,0.0,H,A Taylor,21.0,3.0,11.0,0.0,8.0,0.0,11.0,12.0,0.0,2.0,0.0,0.0
2016-17,2017-01-21T00:00:00Z,Manchester City,Tottenham Hotspur,2,2,D,0.0,0.0,D,A Marriner,17.0,6.0,7.0,2.0,5.0,4.0,10.0,7.0,2.0,4.0,0.0,0.0
2016-17,2017-01-31T00:00:00Z,Sunderland,Tottenham Hotspur,0,0,D,0.0,0.0,D,L Mason,3.0,14.0,1.0,3.0,2.0,12.0,9.0,13.0,2.0,1.0,0.0,0.0
2016-17,2017-02-04T00:00:00Z,Tottenham Hotspur,Middlesbrough,1,0,H,0.0,0.0,D,M Clattenburg,17.0,8.0,5.0,0.0,11.0,2.0,8.0,11.0,0.0,1.0,0.0,0.0
2016-17,2017-02-11T00:00:00Z,Liverpool,Tottenham Hotspur,2,0,H,2.0,0.0,H,A Taylor,17.0,7.0,9.0,2.0,10.0,3.0,14.0,14.0,3.0,4.0,0.0,0.0
2016-17,2017-02-26T00:00:00Z,Tottenham Hotspur,Stoke City,4,0,H,4.0,0.0,H,J Moss,21.0,5.0,9.0,3.0,8.0,5.0,11.0,14.0,2.0,3.0,0.0,0.0
2016-17,2017-03-05T00:00:00Z,Tottenham Hotspur,Everton,3,2,H,1.0,0.0,H,M Oliver,20.0,8.0,7.0,4.0,7.0,2.0,9.0,14.0,1.0,2.0,0.0,0.0
2016-17,2017-03-19T00:00:00Z,Tottenham Hotspur,Southampton,2,1,H,2.0,0.0,H,A Marriner,12.0,8.0,6.0,3.0,5.0,1.0,12.0,13.0,3.0,3.0,0.0,0.0
2016-17,2017-04-01T00:00:00Z,Burnley,Tottenham Hotspur,0,2,A,0.0,0.0,D,S Attwell,13.0,19.0,2.0,7.0,3.0,7.0,9.0,6.0,2.0,0.0,0.0,0.0
2016-17,2017-04-05T00:00:00Z,Swansea City,Tottenham Hotspur,1,3,A,1.0,0.0,H,J Moss,4.0,18.0,1.0,8.0,5.0,7.0,7.0,8.0,1.0,1.0,0.0,0.0
2016-17,2017-04-08T00:00:00Z,Tottenham Hotspur,Watford,4,0,H,3.0,0.0,H,A Taylor,19.0,8.0,6.0,2.0,7.0,5.0,12.0,12.0,0.0,1.0,0.0,0.0
2016-17,2017-04-15T00:00:00Z,Tottenham Hotspur,AFC Bournemouth,4,0,H,2.0,0.0,H,M Oliver,24.0,5.0,14.0,1.0,13.0,1.0,8.0,10.0,0.0,1.0,0.0,0.0
2016-17,2017-04-26T00:00:00Z,Crystal Palace,Tottenham Hotspur,0,1,A,0.0,0.0,D,J Moss,6.0,18.0,1.0,4.0,2.0,11.0,13.0,15.0,3.0,3.0,0.0,0.0
2016-17,2017-04-30T00:00:00Z,Tottenham Hotspur,Arsenal,2,0,H,0.0,0.0,D,M Oliver,20.0,12.0,11.0,4.0,14.0,5.0,7.0,15.0,1.0,3.0,0.0,0.0
2016-17,2017-05-05T00:00:00Z,West Ham United,Tottenham Hotspur,1,0,H,0.0,0.0,D,A Taylor,13.0,11.0,5.0,5.0,3.0,7.0,8.0,9.0,4.0,2.0,0.0,0.0
2016-17,2017-05-14T00:00:00Z,Tottenham Hotspur,Manchester United,2,1,H,1.0,0.0,H,J Moss,14.0,8.0,7.0,2.0,8.0,3.0,14.0,15.0,1.0,2.0,0.0,0.0
2016-17,2017-05-18T00:00:00Z,Leicester City,Tottenham Hotspur,1,6,A,0.0,2.0,A,M Oliver,12.0,26.0,5.0,12.0,4.0,4.0,11.0,8.0,3.0,1.0,0.0,0.0
2016-17,2017-05-21T00:00:00Z,Hull City,Tottenham Hotspur,1,7,A,0.0,3.0,A,A Marriner,10.0,19.0,4.0,14.0,2.0,3.0,14.0,5.0,0.0,0.0,0.0,0.0
2017-18,2017-08-13T00:00:00Z,Newcastle United,Tottenham Hotspur,0,2,A,0.0,0.0,D,A Marriner,6.0,18.0,3.0,6.0,5.0,7.0,6.0,10.0,1.0,2.0,1.0,0.0
2017-18,2017-08-20T00:00:00Z,Tottenham Hotspur,Chelsea,1,2,A,0.0,1.0,A,A Taylor,18.0,9.0,6.0,2.0,14.0,3.0,14.0,21.0,3.0,3.0,0.0,0.0
2017-18,2017-08-27T00:00:00Z,Tottenham Hotspur,Burnley,1,1,D,0.0,0.0,D,L Mason,28.0,13.0,5.0,3.0,10.0,7.0,9.0,9.0,0.0,0.0,0.0,0.0
2017-18,2017-09-09T00:00:00Z,Everton,Tottenham Hotspur,0,3,A,0.0,2.0,A,G Scott,12.0,15.0,1.0,6.0,7.0,3.0,14.0,14.0,3.0,1.0,0.0,0.0
2017-18,2017-09-16T00:00:00Z,Tottenham Hotspur,Swansea City,0,0,D,0.0,0.0,D,M Dean,26.0,4.0,8.0,0.0,11.0,1.0,11.0,9.0,1.0,3.0,0.0,0.0
2017-18,2017-09-23T00:00:00Z,West Ham United,Tottenham Hotspur,2,3,A,0.0,2.0,A,M Oliver,10.0,15.0,4.0,5.0,4.0,3.0,10.0,20.0,4.0,2.0,0.0,1.0
2017-18,2017-09-30T00:00:00Z,Huddersfield Town,Tottenham Hotspur,0,4,A,0.0,3.0,A,N Swarbrick,6.0,14.0,1.0,7.0,4.0,7.0,7.0,4.0,1.0,1.0,0.0,0.0
2017-18,2017-10-14T00:00:00Z,Tottenham Hotspur,AFC Bournemouth,1,0,H,0.0,0.0,D,R Madley,18.0,5.0,6.0,1.0,9.0,5.0,9.0,7.0,1.0,3.0,0.0,0.0
2017-18,2017-10-22T00:00:00Z,Tottenham Hotspur,Liverpool,4,1,H,3.0,1.0,H,A Marriner,14.0,12.0,6.0,7.0,3.0,5.0,2.0,8.0,0.0,1.0,0.0,0.0
2017-18,2017-10-28T00:00:00Z,Manchester United,Tottenham Hotspur,1,0,H,0.0,0.0,D,J Moss,11.0,13.0,3.0,4.0,6.0,3.0,12.0,14.0,1.0,0.0,0.0,0.0
2017-18,2017-11-05T00:00:00Z,Tottenham Hotspur,Crystal Palace,1,0,H,0.0,0.0,D,K Friend,12.0,11.0,2.0,3.0,10.0,9.0,6.0,7.0,0.0,2.0,0.0,0.0
2017-18,2017-11-18T00:00:00Z,Arsenal,Tottenham Hotspur,2,0,H,2.0,0.0,H,M Dean,14.0,14.0,5.0,4.0,7.0,4.0,11.0,16.0,4.0,1.0,0.0,0.0
2017-18,2017-11-25T00:00:00Z,Tottenham Hotspur,West Bromwich Albion,1,1,D,0.0,1.0,A,M Jones,24.0,5.0,5.0,2.0,8.0,0.0,10.0,13.0,1.0,4.0,0.0,0.0
2017-18,2017-11-28T00:00:00Z,Leicester City,Tottenham Hotspur,2,1,H,2.0,0.0,H,A Taylor,7.0,18.0,4.0,6.0,4.0,9.0,7.0,10.0,1.0,2.0,0.0,0.0
2017-18,2017-12-02T00:00:00Z,Watford,Tottenham Hotspur,1,1,D,1.0,1.0,D,M Atkinson,6.0,8.0,2.0,2.0,7.0,2.0,16.0,8.0,4.0,1.0,0.0,1.0
2017-18,2017-12-09T00:00:00Z,Tottenham Hotspur,Stoke City,5,1,H,1.0,0.0,H,R East,20.0,4.0,11.0,3.0,12.0,6.0,12.0,9.0,1.0,0.0,0.0,0.0
2017-18,2017-12-13T00:00:00Z,Tottenham Hotspur,Brighton and Hove Albion,2,0,H,1.0,0.0,H,R Madley,25.0,7.0,8.0,4.0,10.0,2.0,5.0,10.0,1.0,1.0,0.0,0.0
2017-18,2017-12-16T00:00:00Z,Manchester City,Tottenham Hotspur,4,1,H,1.0,0.0,H,C Pawson,20.0,7.0,11.0,2.0,5.0,1.0,13.0,20.0,2.0,4.0,0.0,0.0
2017-18,2017-12-23T00:00:00Z,Burnley,Tottenham Hotspur,0,3,A,0.0,1.0,A,M Oliver,5.0,18.0,2.0,8.0,4.0,4.0,10.0,10.0,1.0,2.0,0.0,0.0
2017-18,2017-12-26T00:00:00Z,Tottenham Hotspur,Southampton,5,2,H,2.0,0.0,H,G Scott,16.0,16.0,7.0,6.0,3.0,8.0,8.0,15.0,0.0,2.0,0.0,0.0
2017-18,2018-01-02T00:00:00Z,Swansea City,Tottenham Hotspur,0,2,A,0.0,1.0,A,R Madley,8.0,12.0,1.0,5.0,6.0,5.0,12.0,9.0,2.0,2.0,0.0,0.0
2017-18,2018-01-04T00:00:00Z,Tottenham Hotspur,West Ham United,1,1,D,0.0,0.0,D,M Dean,31.0,3.0,8.0,1.0,7.0,1.0,10.0,6.0,0.0,2.0,0.0,0.0
2017-18,2018-01-13T00:00:00Z,Tottenham Hotspur,Everton,4,0,H,1.0,0.0,H,C Pawson,20.0,7.0,10.0,0.0,3.0,3.0,11.0,15.0,0.0,2.0,0.0,0.0
2017-18,2018-01-21T00:00:00Z,Southampton,Tottenham Hotspur,1,1,D,1.0,1.0,D,K Friend,10.0,17.0,4.0,2.0,2.0,9.0,8.0,15.0,2.0,3.0,0.0,0.0
2017-18,2018-01-31T00:00:00Z,Tottenham Hotspur,Manchester United,2,0,H,2.0,0.0,H,A Marriner,22.0,6.0,6.0,3.0,6.0,3.0,10.0,13.0,2.0,2.0,0.0,0.0
2017-18,2018-02-04T00:00:00Z,Liverpool,Tottenham Hotspur,2,2,D,1.0,0.0,H,J Moss,9.0,13.0,3.0,6.0,3.0,7.0,15.0,9.0,3.0,1.0,0.0,0.0
2017-18,2018-02-10T00:00:00Z,Tottenham Hotspur,Arsenal,1,0,H,0.0,0.0,D,A Taylor,18.0,6.0,6.0,1.0,10.0,2.0,13.0,9.0,2.0,1.0,0.0,0.0
2017-18,2018-02-25T00:00:00Z,Crystal Palace,Tottenham Hotspur,0,1,A,0.0,0.0,D,K Friend,5.0,14.0,3.0,4.0,2.0,13.0,12.0,5.0,0.0,1.0,0.0,0.0
2017-18,2018-03-03T00:00:00Z,Tottenham Hotspur,Huddersfield Town,2,0,H,1.0,0.0,H,K Friend,15.0,3.0,7.0,3.0,8.0,1.0,6.0,8.0,1.0,1.0,0.0,0.0
2017-18,2018-03-11T00:00:00Z,AFC Bournemouth,Tottenham Hotspur,1,4,A,1.0,1.0,D,M Dean,14.0,12.0,3.0,8.0,4.0,5.0,10.0,7.0,1.0,1.0,0.0,0.0
2017-18,2018-04-01T00:00:00Z,Chelsea,Tottenham Hotspur,1,3,A,1.0,1.0,D,A Marriner,14.0,12.0,4.0,7.0,5.0,5.0,4.0,11.0,0.0,1.0,0.0,0.0
2017-18,2018-04-07T00:00:00Z,Stoke City,Tottenham Hotspur,1,2,A,0.0,0.0,D,G Scott,10.0,15.0,4.0,4.0,6.0,3.0,19.0,8.0,4.0,3.0,0.0,0.0
2017-18,2018-04-14T00:00:00Z,Tottenham Hotspur,Manchester City,1,3,A,1.0,2.0,A,J Moss,8.0,17.0,3.0,6.0,5.0,7.0,11.0,12.0,3.0,4.0,0.0,0.0
2017-18,2018-04-17T00:00:00Z,Brighton and Hove Albion,Tottenham Hotspur,1,1,D,0.0,0.0,D,K Friend,8.0,16.0,5.0,6.0,3.0,4.0,6.0,5.0,1.0,0.0,0.0,0.0
2017-18,2018-04-30T00:00:00Z,Tottenham Hotspur,Watford,2,0,H,1.0,0.0,H,M Oliver,13.0,13.0,3.0,5.0,4.0,0.0,11.0,10.0,1.0,0.0,0.0,0.0
2017-18,2018-05-05T00:00:00Z,West Bromwich Albion,Tottenham Hotspur,1,0,H,0.0,0.0,D,M Jones,9.0,18.0,1.0,5.0,5.0,9.0,13.0,12.0,4.0,1.0,0.0,0.0
2017-18,2018-05-09T00:00:00Z,Tottenham Hotspur,Newcastle United,1,0,H,0.0,0.0,D,N Swarbrick,11.0,14.0,7.0,3.0,6.0,4.0,10.0,8.0,2.0,3.0,0.0,0.0
2017-18,2018-05-13T00:00:00Z,Tottenham Hotspur,Leicester City,5,4,H,1.0,2.0,A,C Pawson,14.0,16.0,6.0,9.0,4.0,4.0,9.0,13.0,1.0,2.0,0.0,0.0
